ISO-10303-21;
HEADER;
FILE_DESCRIPTION(('Designed by EasyEDA Pro'),'2;1');
FILE_NAME('Open CASCADE Shape Model','2024-10-07T17:01:34',('Author'),(
    'Open CASCADE'),'Open CASCADE STEP processor 7.8','Open CASCADE 7.8'
  ,'Unknown');
FILE_SCHEMA(('AUTOMOTIVE_DESIGN { 1 0 10303 214 1 1 1 1 }'));
ENDSEC;
DATA;
#1 = APPLICATION_PROTOCOL_DEFINITION('international standard',
  'automotive_design',2000,#2);
#2 = APPLICATION_CONTEXT(
  'core data for automotive mechanical design processes');
#3 = SHAPE_DEFINITION_REPRESENTATION(#4,#10);
#4 = PRODUCT_DEFINITION_SHAPE('','',#5);
#5 = PRODUCT_DEFINITION('design','',#6,#9);
#6 = PRODUCT_DEFINITION_FORMATION('','',#7);
#7 = PRODUCT('PCBModel','PCBModel','',(#8));
#8 = PRODUCT_CONTEXT('',#2,'mechanical');
#9 = PRODUCT_DEFINITION_CONTEXT('part definition',#2,'design');
#10 = SHAPE_REPRESENTATION('',(#11,#15),#19);
#11 = AXIS2_PLACEMENT_3D('',#12,#13,#14);
#12 = CARTESIAN_POINT('',(0.,0.,0.));
#13 = DIRECTION('',(0.,0.,1.));
#14 = DIRECTION('',(1.,0.,-0.));
#15 = AXIS2_PLACEMENT_3D('',#16,#17,#18);
#16 = CARTESIAN_POINT('',(0.,0.,0.));
#17 = DIRECTION('',(0.,0.,1.));
#18 = DIRECTION('',(1.,0.,-0.));
#19 = ( GEOMETRIC_REPRESENTATION_CONTEXT(3) 
GLOBAL_UNCERTAINTY_ASSIGNED_CONTEXT((#23)) GLOBAL_UNIT_ASSIGNED_CONTEXT(
(#20,#21,#22)) REPRESENTATION_CONTEXT('Context #1',
  '3D Context with UNIT and UNCERTAINTY') );
#20 = ( LENGTH_UNIT() NAMED_UNIT(*) SI_UNIT(.MILLI.,.METRE.) );
#21 = ( NAMED_UNIT(*) PLANE_ANGLE_UNIT() SI_UNIT($,.RADIAN.) );
#22 = ( NAMED_UNIT(*) SI_UNIT($,.STERADIAN.) SOLID_ANGLE_UNIT() );
#23 = UNCERTAINTY_MEASURE_WITH_UNIT(LENGTH_MEASURE(1.E-07),#20,
  'distance_accuracy_value','confusion accuracy');
#24 = PRODUCT_RELATED_PRODUCT_CATEGORY('part',$,(#7));
#25 = SHAPE_DEFINITION_REPRESENTATION(#26,#32);
#26 = PRODUCT_DEFINITION_SHAPE('','',#27);
#27 = PRODUCT_DEFINITION('design','',#28,#31);
#28 = PRODUCT_DEFINITION_FORMATION('','',#29);
#29 = PRODUCT('Board','Board','',(#30));
#30 = PRODUCT_CONTEXT('',#2,'mechanical');
#31 = PRODUCT_DEFINITION_CONTEXT('part definition',#2,'design');
#32 = ADVANCED_BREP_SHAPE_REPRESENTATION('',(#11,#33),#2459);
#33 = MANIFOLD_SOLID_BREP('',#34);
#34 = CLOSED_SHELL('',(#35,#75,#108,#141,#733,#1325,#1342,#1359,#1376,
    #1393,#1410,#1427,#1444,#1461,#1478,#1495,#1512,#1529,#1546,#1563,
    #1580,#1597,#1614,#1631,#1648,#1665,#1677,#1699,#1716,#1733,#1745,
    #1767,#1784,#1801,#1818,#1835,#1852,#1869,#1881,#1903,#1920,#1937,
    #1954,#1971,#1983,#2005,#2022,#2039,#2051,#2073,#2090,#2107,#2124,
    #2141,#2153,#2175,#2192,#2209,#2226,#2243,#2255,#2277,#2294,#2311,
    #2328,#2345,#2357,#2379,#2396,#2413,#2430,#2447));
#35 = ADVANCED_FACE('',(#36),#70,.T.);
#36 = FACE_BOUND('',#37,.T.);
#37 = EDGE_LOOP('',(#38,#48,#56,#64));
#38 = ORIENTED_EDGE('',*,*,#39,.T.);
#39 = EDGE_CURVE('',#40,#42,#44,.T.);
#40 = VERTEX_POINT('',#41);
#41 = CARTESIAN_POINT('',(-29.1123989517,-4.130308699769,0.));
#42 = VERTEX_POINT('',#43);
#43 = CARTESIAN_POINT('',(-29.1123989517,-4.130308699769,1.000050800102)
  );
#44 = LINE('',#45,#46);
#45 = CARTESIAN_POINT('',(-29.1123989517,-4.130308699769,0.));
#46 = VECTOR('',#47,1.);
#47 = DIRECTION('',(0.,0.,1.));
#48 = ORIENTED_EDGE('',*,*,#49,.T.);
#49 = EDGE_CURVE('',#42,#50,#52,.T.);
#50 = VERTEX_POINT('',#51);
#51 = CARTESIAN_POINT('',(-25.86975226035,-0.887662008415,1.000050800102
    ));
#52 = LINE('',#53,#54);
#53 = CARTESIAN_POINT('',(-29.1123989517,-4.130308699769,1.000050800102)
  );
#54 = VECTOR('',#55,1.);
#55 = DIRECTION('',(0.707106781187,0.707106781187,0.));
#56 = ORIENTED_EDGE('',*,*,#57,.F.);
#57 = EDGE_CURVE('',#58,#50,#60,.T.);
#58 = VERTEX_POINT('',#59);
#59 = CARTESIAN_POINT('',(-25.86975226035,-0.887662008415,0.));
#60 = LINE('',#61,#62);
#61 = CARTESIAN_POINT('',(-25.86975226035,-0.887662008415,0.));
#62 = VECTOR('',#63,1.);
#63 = DIRECTION('',(0.,0.,1.));
#64 = ORIENTED_EDGE('',*,*,#65,.F.);
#65 = EDGE_CURVE('',#40,#58,#66,.T.);
#66 = LINE('',#67,#68);
#67 = CARTESIAN_POINT('',(-29.1123989517,-4.130308699769,0.));
#68 = VECTOR('',#69,1.);
#69 = DIRECTION('',(0.707106781187,0.707106781187,0.));
#70 = PLANE('',#71);
#71 = AXIS2_PLACEMENT_3D('',#72,#73,#74);
#72 = CARTESIAN_POINT('',(-29.1123989517,-4.130308699769,0.));
#73 = DIRECTION('',(-0.707106781187,0.707106781187,0.));
#74 = DIRECTION('',(0.707106781187,0.707106781187,0.));
#75 = ADVANCED_FACE('',(#76),#103,.T.);
#76 = FACE_BOUND('',#77,.T.);
#77 = EDGE_LOOP('',(#78,#88,#95,#96));
#78 = ORIENTED_EDGE('',*,*,#79,.T.);
#79 = EDGE_CURVE('',#80,#82,#84,.T.);
#80 = VERTEX_POINT('',#81);
#81 = CARTESIAN_POINT('',(-29.98736093472,-6.242651769589,0.));
#82 = VERTEX_POINT('',#83);
#83 = CARTESIAN_POINT('',(-29.98736093472,-6.242651769589,1.000050800102
    ));
#84 = LINE('',#85,#86);
#85 = CARTESIAN_POINT('',(-29.98736093472,-6.242651769589,0.));
#86 = VECTOR('',#87,1.);
#87 = DIRECTION('',(0.,0.,1.));
#88 = ORIENTED_EDGE('',*,*,#89,.T.);
#89 = EDGE_CURVE('',#82,#42,#90,.T.);
#90 = CIRCLE('',#91,2.98730463528);
#91 = AXIS2_PLACEMENT_3D('',#92,#93,#94);
#92 = CARTESIAN_POINT('',(-27.00005629944,-6.242652777656,1.000050800102
    ));
#93 = DIRECTION('',(0.,0.,-1.));
#94 = DIRECTION('',(-1.,3.374504346606E-07,0.));
#95 = ORIENTED_EDGE('',*,*,#39,.F.);
#96 = ORIENTED_EDGE('',*,*,#97,.F.);
#97 = EDGE_CURVE('',#80,#40,#98,.T.);
#98 = CIRCLE('',#99,2.98730463528);
#99 = AXIS2_PLACEMENT_3D('',#100,#101,#102);
#100 = CARTESIAN_POINT('',(-27.00005629944,-6.242652777656,0.));
#101 = DIRECTION('',(0.,0.,-1.));
#102 = DIRECTION('',(-1.,3.374504346606E-07,0.));
#103 = CYLINDRICAL_SURFACE('',#104,2.98730463528);
#104 = AXIS2_PLACEMENT_3D('',#105,#106,#107);
#105 = CARTESIAN_POINT('',(-27.00005629944,-6.242652777656,0.));
#106 = DIRECTION('',(0.,0.,-1.));
#107 = DIRECTION('',(-1.,3.374504346606E-07,0.));
#108 = ADVANCED_FACE('',(#109),#136,.T.);
#109 = FACE_BOUND('',#110,.T.);
#110 = EDGE_LOOP('',(#111,#112,#121,#129));
#111 = ORIENTED_EDGE('',*,*,#57,.T.);
#112 = ORIENTED_EDGE('',*,*,#113,.T.);
#113 = EDGE_CURVE('',#50,#114,#116,.T.);
#114 = VERTEX_POINT('',#115);
#115 = CARTESIAN_POINT('',(-23.75740919053,-1.270002540005E-02,
    1.000050800102));
#116 = CIRCLE('',#117,2.98730463528);
#117 = AXIS2_PLACEMENT_3D('',#118,#119,#120);
#118 = CARTESIAN_POINT('',(-23.75740818246,-3.00000466068,1.000050800102
    ));
#119 = DIRECTION('',(0.,0.,-1.));
#120 = DIRECTION('',(-0.7071070198,0.707106542573,0.));
#121 = ORIENTED_EDGE('',*,*,#122,.F.);
#122 = EDGE_CURVE('',#123,#114,#125,.T.);
#123 = VERTEX_POINT('',#124);
#124 = CARTESIAN_POINT('',(-23.75740919053,-1.270002540005E-02,0.));
#125 = LINE('',#126,#127);
#126 = CARTESIAN_POINT('',(-23.75740919053,-1.270002540005E-02,0.));
#127 = VECTOR('',#128,1.);
#128 = DIRECTION('',(0.,0.,1.));
#129 = ORIENTED_EDGE('',*,*,#130,.F.);
#130 = EDGE_CURVE('',#58,#123,#131,.T.);
#131 = CIRCLE('',#132,2.98730463528);
#132 = AXIS2_PLACEMENT_3D('',#133,#134,#135);
#133 = CARTESIAN_POINT('',(-23.75740818246,-3.00000466068,0.));
#134 = DIRECTION('',(0.,0.,-1.));
#135 = DIRECTION('',(-0.7071070198,0.707106542573,0.));
#136 = CYLINDRICAL_SURFACE('',#137,2.98730463528);
#137 = AXIS2_PLACEMENT_3D('',#138,#139,#140);
#138 = CARTESIAN_POINT('',(-23.75740818246,-3.00000466068,0.));
#139 = DIRECTION('',(0.,0.,-1.));
#140 = DIRECTION('',(-0.7071070198,0.707106542573,0.));
#141 = ADVANCED_FACE('',(#142,#320,#354,#424,#478,#512,#566,#620,#674),
  #728,.T.);
#142 = FACE_BOUND('',#143,.T.);
#143 = EDGE_LOOP('',(#144,#145,#146,#154,#162,#171,#179,#187,#195,#204,
    #212,#221,#229,#237,#245,#254,#262,#270,#279,#287,#296,#304,#313,
    #319));
#144 = ORIENTED_EDGE('',*,*,#65,.T.);
#145 = ORIENTED_EDGE('',*,*,#130,.T.);
#146 = ORIENTED_EDGE('',*,*,#147,.T.);
#147 = EDGE_CURVE('',#123,#148,#150,.T.);
#148 = VERTEX_POINT('',#149);
#149 = CARTESIAN_POINT('',(-1.270002540005E-02,-1.270002540005E-02,0.));
#150 = LINE('',#151,#152);
#151 = CARTESIAN_POINT('',(-23.75740919053,-1.270002540005E-02,0.));
#152 = VECTOR('',#153,1.);
#153 = DIRECTION('',(1.,-6.195255951117E-17,0.));
#154 = ORIENTED_EDGE('',*,*,#155,.T.);
#155 = EDGE_CURVE('',#148,#156,#158,.T.);
#156 = VERTEX_POINT('',#157);
#157 = CARTESIAN_POINT('',(-1.270002540005E-02,-2.70000508001,0.));
#158 = LINE('',#159,#160);
#159 = CARTESIAN_POINT('',(-1.270002540005E-02,-1.270002540005E-02,0.));
#160 = VECTOR('',#161,1.);
#161 = DIRECTION('',(6.132490613043E-17,-1.,0.));
#162 = ORIENTED_EDGE('',*,*,#163,.T.);
#163 = EDGE_CURVE('',#156,#164,#166,.T.);
#164 = VERTEX_POINT('',#165);
#165 = CARTESIAN_POINT('',(-1.978856345356E-17,-2.71270510541,0.));
#166 = CIRCLE('',#167,1.270002540005E-02);
#167 = AXIS2_PLACEMENT_3D('',#168,#169,#170);
#168 = CARTESIAN_POINT('',(8.890457814381E-17,-2.70000508001,0.));
#169 = DIRECTION('',(0.,0.,1.));
#170 = DIRECTION('',(-1.,-5.022431382993E-15,0.));
#171 = ORIENTED_EDGE('',*,*,#172,.T.);
#172 = EDGE_CURVE('',#164,#173,#175,.T.);
#173 = VERTEX_POINT('',#174);
#174 = CARTESIAN_POINT('',(0.987302514605,-2.71270510541,0.));
#175 = LINE('',#176,#177);
#176 = CARTESIAN_POINT('',(-1.947076727966E-17,-2.71270510541,0.));
#177 = VECTOR('',#178,1.);
#178 = DIRECTION('',(1.,0.,0.));
#179 = ORIENTED_EDGE('',*,*,#180,.T.);
#180 = EDGE_CURVE('',#173,#181,#183,.T.);
#181 = VERTEX_POINT('',#182);
#182 = CARTESIAN_POINT('',(0.987302514605,-5.68731013462,0.));
#183 = LINE('',#184,#185);
#184 = CARTESIAN_POINT('',(0.987302514605,-2.71270510541,0.));
#185 = VECTOR('',#186,1.);
#186 = DIRECTION('',(3.732337617005E-17,-1.,0.));
#187 = ORIENTED_EDGE('',*,*,#188,.T.);
#188 = EDGE_CURVE('',#181,#189,#191,.T.);
#189 = VERTEX_POINT('',#190);
#190 = CARTESIAN_POINT('',(-5.589703250522E-19,-5.68731013462,0.));
#191 = LINE('',#192,#193);
#192 = CARTESIAN_POINT('',(0.987302514605,-5.68731013462,0.));
#193 = VECTOR('',#194,1.);
#194 = DIRECTION('',(-1.,0.,0.));
#195 = ORIENTED_EDGE('',*,*,#196,.T.);
#196 = EDGE_CURVE('',#189,#197,#199,.T.);
#197 = VERTEX_POINT('',#198);
#198 = CARTESIAN_POINT('',(-1.270002540005E-02,-5.70001016002,0.));
#199 = CIRCLE('',#200,1.270002540005E-02);
#200 = AXIS2_PLACEMENT_3D('',#201,#202,#203);
#201 = CARTESIAN_POINT('',(3.766855652099E-16,-5.70001016002,0.));
#202 = DIRECTION('',(0.,0.,1.));
#203 = DIRECTION('',(-2.974824742234E-14,1.,0.));
#204 = ORIENTED_EDGE('',*,*,#205,.T.);
#205 = EDGE_CURVE('',#197,#206,#208,.T.);
#206 = VERTEX_POINT('',#207);
#207 = CARTESIAN_POINT('',(-1.270002540005E-02,-23.70004826009,0.));
#208 = LINE('',#209,#210);
#209 = CARTESIAN_POINT('',(-1.270002540005E-02,-5.70001016002,0.));
#210 = VECTOR('',#211,1.);
#211 = DIRECTION('',(6.119705975737E-17,-1.,0.));
#212 = ORIENTED_EDGE('',*,*,#213,.T.);
#213 = EDGE_CURVE('',#206,#214,#216,.T.);
#214 = VERTEX_POINT('',#215);
#215 = CARTESIAN_POINT('',(-2.41910301887E-18,-23.71274828549,0.));
#216 = CIRCLE('',#217,1.270002540005E-02);
#217 = AXIS2_PLACEMENT_3D('',#218,#219,#220);
#218 = CARTESIAN_POINT('',(7.598088824778E-16,-23.70004826009,0.));
#219 = DIRECTION('',(0.,0.,1.));
#220 = DIRECTION('',(-1.,1.622631677583E-14,0.));
#221 = ORIENTED_EDGE('',*,*,#222,.T.);
#222 = EDGE_CURVE('',#214,#223,#225,.T.);
#223 = VERTEX_POINT('',#224);
#224 = CARTESIAN_POINT('',(0.987302514605,-23.71274828549,0.));
#225 = LINE('',#226,#227);
#226 = CARTESIAN_POINT('',(-2.260297576149E-18,-23.71274828549,0.));
#227 = VECTOR('',#228,1.);
#228 = DIRECTION('',(1.,-3.598404365679E-15,0.));
#229 = ORIENTED_EDGE('',*,*,#230,.T.);
#230 = EDGE_CURVE('',#223,#231,#233,.T.);
#231 = VERTEX_POINT('',#232);
#232 = CARTESIAN_POINT('',(0.987302514605,-26.6873533147,0.));
#233 = LINE('',#234,#235);
#234 = CARTESIAN_POINT('',(0.987302514605,-23.71274828549,0.));
#235 = VECTOR('',#236,1.);
#236 = DIRECTION('',(3.732337617005E-17,-1.,0.));
#237 = ORIENTED_EDGE('',*,*,#238,.T.);
#238 = EDGE_CURVE('',#231,#239,#241,.T.);
#239 = VERTEX_POINT('',#240);
#240 = CARTESIAN_POINT('',(0.,-26.6873533147,0.));
#241 = LINE('',#242,#243);
#242 = CARTESIAN_POINT('',(0.987302514605,-26.6873533147,0.));
#243 = VECTOR('',#244,1.);
#244 = DIRECTION('',(-1.,0.,0.));
#245 = ORIENTED_EDGE('',*,*,#246,.T.);
#246 = EDGE_CURVE('',#239,#247,#249,.T.);
#247 = VERTEX_POINT('',#248);
#248 = CARTESIAN_POINT('',(-1.270002540005E-02,-26.7000533401,0.));
#249 = CIRCLE('',#250,1.270002540005E-02);
#250 = AXIS2_PLACEMENT_3D('',#251,#252,#253);
#251 = CARTESIAN_POINT('',(-6.607888384392E-17,-26.7000533401,0.));
#252 = DIRECTION('',(0.,0.,1.));
#253 = DIRECTION('',(5.215601820801E-15,1.,-0.));
#254 = ORIENTED_EDGE('',*,*,#255,.T.);
#255 = EDGE_CURVE('',#247,#256,#258,.T.);
#256 = VERTEX_POINT('',#257);
#257 = CARTESIAN_POINT('',(-1.270002540005E-02,-29.38735839471,0.));
#258 = LINE('',#259,#260);
#259 = CARTESIAN_POINT('',(-1.270002540005E-02,-26.7000533401,0.));
#260 = VECTOR('',#261,1.);
#261 = DIRECTION('',(6.003385547505E-17,-1.,0.));
#262 = ORIENTED_EDGE('',*,*,#263,.T.);
#263 = EDGE_CURVE('',#256,#264,#266,.T.);
#264 = VERTEX_POINT('',#265);
#265 = CARTESIAN_POINT('',(-2.50000508001,-29.38735839471,0.));
#266 = LINE('',#267,#268);
#267 = CARTESIAN_POINT('',(-1.270002540005E-02,-29.38735839471,0.));
#268 = VECTOR('',#269,1.);
#269 = DIRECTION('',(-1.,0.,0.));
#270 = ORIENTED_EDGE('',*,*,#271,.T.);
#271 = EDGE_CURVE('',#264,#272,#274,.T.);
#272 = VERTEX_POINT('',#273);
#273 = CARTESIAN_POINT('',(-5.01271018542,-31.90006350012,0.));
#274 = CIRCLE('',#275,2.51270510541);
#275 = AXIS2_PLACEMENT_3D('',#276,#277,#278);
#276 = CARTESIAN_POINT('',(-2.50000508001,-31.90006350012,0.));
#277 = DIRECTION('',(0.,0.,1.));
#278 = DIRECTION('',(-2.062042657732E-15,1.,0.));
#279 = ORIENTED_EDGE('',*,*,#280,.T.);
#280 = EDGE_CURVE('',#272,#281,#283,.T.);
#281 = VERTEX_POINT('',#282);
#282 = CARTESIAN_POINT('',(-5.01271018542,-34.70180595933,0.));
#283 = LINE('',#284,#285);
#284 = CARTESIAN_POINT('',(-5.01271018542,-31.90006350012,0.));
#285 = VECTOR('',#286,1.);
#286 = DIRECTION('',(3.170093014011E-15,-1.,0.));
#287 = ORIENTED_EDGE('',*,*,#288,.T.);
#288 = EDGE_CURVE('',#281,#289,#291,.T.);
#289 = VERTEX_POINT('',#290);
#290 = CARTESIAN_POINT('',(-6.252026239818,-35.65640495217,0.));
#291 = CIRCLE('',#292,0.987303108479);
#292 = AXIS2_PLACEMENT_3D('',#293,#294,#295);
#293 = CARTESIAN_POINT('',(-6.000013293898,-34.70180718185,0.));
#294 = DIRECTION('',(0.,0.,-1.));
#295 = DIRECTION('',(0.999999999999,1.238243006783E-06,0.));
#296 = ORIENTED_EDGE('',*,*,#297,.T.);
#297 = EDGE_CURVE('',#289,#298,#300,.T.);
#298 = VERTEX_POINT('',#299);
#299 = CARTESIAN_POINT('',(-27.7625799451,-29.97761907878,0.));
#300 = LINE('',#301,#302);
#301 = CARTESIAN_POINT('',(-6.252026239818,-35.65640495217,0.));
#302 = VECTOR('',#303,1.);
#303 = DIRECTION('',(-0.966873852488,0.255254683356,0.));
#304 = ORIENTED_EDGE('',*,*,#305,.T.);
#305 = EDGE_CURVE('',#298,#306,#308,.T.);
#306 = VERTEX_POINT('',#307);
#307 = CARTESIAN_POINT('',(-29.98736093472,-27.08927101918,0.));
#308 = CIRCLE('',#309,2.987306200931);
#309 = AXIS2_PLACEMENT_3D('',#310,#311,#312);
#310 = CARTESIAN_POINT('',(-27.00005473379,-27.08927117033,0.));
#311 = DIRECTION('',(0.,0.,-1.));
#312 = DIRECTION('',(-0.25525512285,-0.966873736461,-0.));
#313 = ORIENTED_EDGE('',*,*,#314,.T.);
#314 = EDGE_CURVE('',#306,#80,#315,.T.);
#315 = LINE('',#316,#317);
#316 = CARTESIAN_POINT('',(-29.98736093472,-27.08927101918,0.));
#317 = VECTOR('',#318,1.);
#318 = DIRECTION('',(5.112647239724E-16,1.,0.));
#319 = ORIENTED_EDGE('',*,*,#97,.T.);
#320 = FACE_BOUND('',#321,.T.);
#321 = EDGE_LOOP('',(#322,#332,#340,#348));
#322 = ORIENTED_EDGE('',*,*,#323,.F.);
#323 = EDGE_CURVE('',#324,#326,#328,.T.);
#324 = VERTEX_POINT('',#325);
#325 = CARTESIAN_POINT('',(-8.00001524003,-28.40005588011,0.));
#326 = VERTEX_POINT('',#327);
#327 = CARTESIAN_POINT('',(-5.00001016002,-28.40005588011,0.));
#328 = LINE('',#329,#330);
#329 = CARTESIAN_POINT('',(-8.00001524003,-28.40005588011,0.));
#330 = VECTOR('',#331,1.);
#331 = DIRECTION('',(1.,0.,0.));
#332 = ORIENTED_EDGE('',*,*,#333,.F.);
#333 = EDGE_CURVE('',#334,#324,#336,.T.);
#334 = VERTEX_POINT('',#335);
#335 = CARTESIAN_POINT('',(-8.00001524003,-29.40005842011,0.));
#336 = LINE('',#337,#338);
#337 = CARTESIAN_POINT('',(-8.00001524003,-29.40005842011,0.));
#338 = VECTOR('',#339,1.);
#339 = DIRECTION('',(0.,1.,0.));
#340 = ORIENTED_EDGE('',*,*,#341,.F.);
#341 = EDGE_CURVE('',#342,#334,#344,.T.);
#342 = VERTEX_POINT('',#343);
#343 = CARTESIAN_POINT('',(-5.00001016002,-29.40005842011,0.));
#344 = LINE('',#345,#346);
#345 = CARTESIAN_POINT('',(-5.00001016002,-29.40005842011,0.));
#346 = VECTOR('',#347,1.);
#347 = DIRECTION('',(-1.,0.,0.));
#348 = ORIENTED_EDGE('',*,*,#349,.F.);
#349 = EDGE_CURVE('',#326,#342,#350,.T.);
#350 = LINE('',#351,#352);
#351 = CARTESIAN_POINT('',(-5.00001016002,-28.40005588011,0.));
#352 = VECTOR('',#353,1.);
#353 = DIRECTION('',(0.,-1.,0.));
#354 = FACE_BOUND('',#355,.T.);
#355 = EDGE_LOOP('',(#356,#367,#375,#384,#392,#401,#409,#418));
#356 = ORIENTED_EDGE('',*,*,#357,.F.);
#357 = EDGE_CURVE('',#358,#360,#362,.T.);
#358 = VERTEX_POINT('',#359);
#359 = CARTESIAN_POINT('',(-17.00003302006,-26.2500533401,0.));
#360 = VERTEX_POINT('',#361);
#361 = CARTESIAN_POINT('',(-16.00003048006,-25.2500508001,0.));
#362 = CIRCLE('',#363,1.000002540005);
#363 = AXIS2_PLACEMENT_3D('',#364,#365,#366);
#364 = CARTESIAN_POINT('',(-16.00003048006,-26.2500533401,0.));
#365 = DIRECTION('',(0.,0.,-1.));
#366 = DIRECTION('',(-1.,-4.239238870758E-15,-0.));
#367 = ORIENTED_EDGE('',*,*,#368,.F.);
#368 = EDGE_CURVE('',#369,#358,#371,.T.);
#369 = VERTEX_POINT('',#370);
#370 = CARTESIAN_POINT('',(-17.00003302006,-27.55005588011,0.));
#371 = LINE('',#372,#373);
#372 = CARTESIAN_POINT('',(-17.00003302006,-27.55005588011,0.));
#373 = VECTOR('',#374,1.);
#374 = DIRECTION('',(0.,1.,0.));
#375 = ORIENTED_EDGE('',*,*,#376,.F.);
#376 = EDGE_CURVE('',#377,#369,#379,.T.);
#377 = VERTEX_POINT('',#378);
#378 = CARTESIAN_POINT('',(-16.00003048006,-28.55005842011,0.));
#379 = CIRCLE('',#380,1.000002540005);
#380 = AXIS2_PLACEMENT_3D('',#381,#382,#383);
#381 = CARTESIAN_POINT('',(-16.00003048006,-27.55005588011,0.));
#382 = DIRECTION('',(0.,0.,-1.));
#383 = DIRECTION('',(-7.850442353255E-16,-1.,-0.));
#384 = ORIENTED_EDGE('',*,*,#385,.F.);
#385 = EDGE_CURVE('',#386,#377,#388,.T.);
#386 = VERTEX_POINT('',#387);
#387 = CARTESIAN_POINT('',(-9.000017780036,-28.55005842011,0.));
#388 = LINE('',#389,#390);
#389 = CARTESIAN_POINT('',(-9.000017780036,-28.55005842011,0.));
#390 = VECTOR('',#391,1.);
#391 = DIRECTION('',(-1.,-5.075296047374E-16,0.));
#392 = ORIENTED_EDGE('',*,*,#393,.F.);
#393 = EDGE_CURVE('',#394,#386,#396,.T.);
#394 = VERTEX_POINT('',#395);
#395 = CARTESIAN_POINT('',(-8.00001524003,-27.55005588011,0.));
#396 = CIRCLE('',#397,1.000002540005);
#397 = AXIS2_PLACEMENT_3D('',#398,#399,#400);
#398 = CARTESIAN_POINT('',(-9.000017780036,-27.55005588011,0.));
#399 = DIRECTION('',(0.,0.,-1.));
#400 = DIRECTION('',(1.,-7.850442353255E-17,0.));
#401 = ORIENTED_EDGE('',*,*,#402,.F.);
#402 = EDGE_CURVE('',#403,#394,#405,.T.);
#403 = VERTEX_POINT('',#404);
#404 = CARTESIAN_POINT('',(-8.00001524003,-26.2500533401,0.));
#405 = LINE('',#406,#407);
#406 = CARTESIAN_POINT('',(-8.00001524003,-26.2500533401,0.));
#407 = VECTOR('',#408,1.);
#408 = DIRECTION('',(0.,-1.,0.));
#409 = ORIENTED_EDGE('',*,*,#410,.F.);
#410 = EDGE_CURVE('',#411,#403,#413,.T.);
#411 = VERTEX_POINT('',#412);
#412 = CARTESIAN_POINT('',(-9.000017780036,-25.2500508001,0.));
#413 = CIRCLE('',#414,1.000002540005);
#414 = AXIS2_PLACEMENT_3D('',#415,#416,#417);
#415 = CARTESIAN_POINT('',(-9.000017780036,-26.2500533401,0.));
#416 = DIRECTION('',(0.,0.,-1.));
#417 = DIRECTION('',(7.850442353255E-17,1.,0.));
#418 = ORIENTED_EDGE('',*,*,#419,.F.);
#419 = EDGE_CURVE('',#360,#411,#420,.T.);
#420 = LINE('',#421,#422);
#421 = CARTESIAN_POINT('',(-16.00003048006,-25.2500508001,0.));
#422 = VECTOR('',#423,1.);
#423 = DIRECTION('',(1.,5.075296047374E-16,0.));
#424 = FACE_BOUND('',#425,.T.);
#425 = EDGE_LOOP('',(#426,#437,#446,#454,#463,#472));
#426 = ORIENTED_EDGE('',*,*,#427,.F.);
#427 = EDGE_CURVE('',#428,#430,#432,.T.);
#428 = VERTEX_POINT('',#429);
#429 = CARTESIAN_POINT('',(-15.29292444282,-21.69276516855,0.));
#430 = VERTEX_POINT('',#431);
#431 = CARTESIAN_POINT('',(-15.29292444282,-20.27854801407,0.));
#432 = CIRCLE('',#433,1.000002540005);
#433 = AXIS2_PLACEMENT_3D('',#434,#435,#436);
#434 = CARTESIAN_POINT('',(-14.58581586558,-20.98565659131,0.));
#435 = DIRECTION('',(0.,0.,-1.));
#436 = DIRECTION('',(-0.707106781187,-0.707106781187,-0.));
#437 = ORIENTED_EDGE('',*,*,#438,.F.);
#438 = EDGE_CURVE('',#439,#428,#441,.T.);
#439 = VERTEX_POINT('',#440);
#440 = CARTESIAN_POINT('',(-13.87870728834,-21.69276516855,0.));
#441 = CIRCLE('',#442,1.000002540005);
#442 = AXIS2_PLACEMENT_3D('',#443,#444,#445);
#443 = CARTESIAN_POINT('',(-14.58581586558,-20.98565659131,0.));
#444 = DIRECTION('',(-0.,0.,-1.));
#445 = DIRECTION('',(0.707106781187,-0.707106781187,-0.));
#446 = ORIENTED_EDGE('',*,*,#447,.F.);
#447 = EDGE_CURVE('',#448,#439,#450,.T.);
#448 = VERTEX_POINT('',#449);
#449 = CARTESIAN_POINT('',(-8.221842262521,-16.03590014273,0.));
#450 = LINE('',#451,#452);
#451 = CARTESIAN_POINT('',(-8.221842262521,-16.03590014273,0.));
#452 = VECTOR('',#453,1.);
#453 = DIRECTION('',(-0.707106781187,-0.707106781187,0.));
#454 = ORIENTED_EDGE('',*,*,#455,.F.);
#455 = EDGE_CURVE('',#456,#448,#458,.T.);
#456 = VERTEX_POINT('',#457);
#457 = CARTESIAN_POINT('',(-8.221842262521,-14.62168298825,0.));
#458 = CIRCLE('',#459,1.000002540005);
#459 = AXIS2_PLACEMENT_3D('',#460,#461,#462);
#460 = CARTESIAN_POINT('',(-8.928950839762,-15.32879156549,0.));
#461 = DIRECTION('',(0.,0.,-1.));
#462 = DIRECTION('',(0.707106781187,0.707106781187,0.));
#463 = ORIENTED_EDGE('',*,*,#464,.F.);
#464 = EDGE_CURVE('',#465,#456,#467,.T.);
#465 = VERTEX_POINT('',#466);
#466 = CARTESIAN_POINT('',(-9.636059417003,-14.62168298825,0.));
#467 = CIRCLE('',#468,1.000002540005);
#468 = AXIS2_PLACEMENT_3D('',#469,#470,#471);
#469 = CARTESIAN_POINT('',(-8.928950839762,-15.32879156549,0.));
#470 = DIRECTION('',(0.,0.,-1.));
#471 = DIRECTION('',(-0.707106781187,0.707106781187,0.));
#472 = ORIENTED_EDGE('',*,*,#473,.F.);
#473 = EDGE_CURVE('',#430,#465,#474,.T.);
#474 = LINE('',#475,#476);
#475 = CARTESIAN_POINT('',(-15.29292444282,-20.27854801407,0.));
#476 = VECTOR('',#477,1.);
#477 = DIRECTION('',(0.707106781187,0.707106781187,0.));
#478 = FACE_BOUND('',#479,.T.);
#479 = EDGE_LOOP('',(#480,#490,#498,#506));
#480 = ORIENTED_EDGE('',*,*,#481,.F.);
#481 = EDGE_CURVE('',#482,#484,#486,.T.);
#482 = VERTEX_POINT('',#483);
#483 = CARTESIAN_POINT('',(-20.00004064008,-28.40005588011,0.));
#484 = VERTEX_POINT('',#485);
#485 = CARTESIAN_POINT('',(-17.00003556007,-28.40005588011,0.));
#486 = LINE('',#487,#488);
#487 = CARTESIAN_POINT('',(-20.00004064008,-28.40005588011,0.));
#488 = VECTOR('',#489,1.);
#489 = DIRECTION('',(1.,0.,0.));
#490 = ORIENTED_EDGE('',*,*,#491,.F.);
#491 = EDGE_CURVE('',#492,#482,#494,.T.);
#492 = VERTEX_POINT('',#493);
#493 = CARTESIAN_POINT('',(-20.00004064008,-29.40005842011,0.));
#494 = LINE('',#495,#496);
#495 = CARTESIAN_POINT('',(-20.00004064008,-29.40005842011,0.));
#496 = VECTOR('',#497,1.);
#497 = DIRECTION('',(0.,1.,0.));
#498 = ORIENTED_EDGE('',*,*,#499,.F.);
#499 = EDGE_CURVE('',#500,#492,#502,.T.);
#500 = VERTEX_POINT('',#501);
#501 = CARTESIAN_POINT('',(-17.00003556007,-29.40005842011,0.));
#502 = LINE('',#503,#504);
#503 = CARTESIAN_POINT('',(-17.00003556007,-29.40005842011,0.));
#504 = VECTOR('',#505,1.);
#505 = DIRECTION('',(-1.,0.,0.));
#506 = ORIENTED_EDGE('',*,*,#507,.F.);
#507 = EDGE_CURVE('',#484,#500,#508,.T.);
#508 = LINE('',#509,#510);
#509 = CARTESIAN_POINT('',(-17.00003556007,-28.40005588011,0.));
#510 = VECTOR('',#511,1.);
#511 = DIRECTION('',(0.,-1.,0.));
#512 = FACE_BOUND('',#513,.T.);
#513 = EDGE_LOOP('',(#514,#525,#534,#542,#551,#560));
#514 = ORIENTED_EDGE('',*,*,#515,.F.);
#515 = EDGE_CURVE('',#516,#518,#520,.T.);
#516 = VERTEX_POINT('',#517);
#517 = CARTESIAN_POINT('',(-19.79293206284,-20.70277024856,0.));
#518 = VERTEX_POINT('',#519);
#519 = CARTESIAN_POINT('',(-19.79293206284,-19.28855309408,0.));
#520 = CIRCLE('',#521,1.000002540005);
#521 = AXIS2_PLACEMENT_3D('',#522,#523,#524);
#522 = CARTESIAN_POINT('',(-19.08582348559,-19.99566167132,0.));
#523 = DIRECTION('',(0.,0.,-1.));
#524 = DIRECTION('',(-0.707106781187,-0.707106781187,-0.));
#525 = ORIENTED_EDGE('',*,*,#526,.F.);
#526 = EDGE_CURVE('',#527,#516,#529,.T.);
#527 = VERTEX_POINT('',#528);
#528 = CARTESIAN_POINT('',(-18.37871490835,-20.70277024856,0.));
#529 = CIRCLE('',#530,1.000002540005);
#530 = AXIS2_PLACEMENT_3D('',#531,#532,#533);
#531 = CARTESIAN_POINT('',(-19.08582348559,-19.99566167132,0.));
#532 = DIRECTION('',(-0.,0.,-1.));
#533 = DIRECTION('',(0.707106781187,-0.707106781187,-0.));
#534 = ORIENTED_EDGE('',*,*,#535,.F.);
#535 = EDGE_CURVE('',#536,#527,#538,.T.);
#536 = VERTEX_POINT('',#537);
#537 = CARTESIAN_POINT('',(-9.186308792384,-11.51036413259,0.));
#538 = LINE('',#539,#540);
#539 = CARTESIAN_POINT('',(-9.186308792384,-11.51036413259,0.));
#540 = VECTOR('',#541,1.);
#541 = DIRECTION('',(-0.707106781187,-0.707106781187,0.));
#542 = ORIENTED_EDGE('',*,*,#543,.F.);
#543 = EDGE_CURVE('',#544,#536,#546,.T.);
#544 = VERTEX_POINT('',#545);
#545 = CARTESIAN_POINT('',(-9.186308792384,-10.0961469781,0.));
#546 = CIRCLE('',#547,1.000002540005);
#547 = AXIS2_PLACEMENT_3D('',#548,#549,#550);
#548 = CARTESIAN_POINT('',(-9.893417369625,-10.80325555535,0.));
#549 = DIRECTION('',(0.,0.,-1.));
#550 = DIRECTION('',(0.707106781187,0.707106781187,0.));
#551 = ORIENTED_EDGE('',*,*,#552,.F.);
#552 = EDGE_CURVE('',#553,#544,#555,.T.);
#553 = VERTEX_POINT('',#554);
#554 = CARTESIAN_POINT('',(-10.60052594686,-10.0961469781,0.));
#555 = CIRCLE('',#556,1.000002540005);
#556 = AXIS2_PLACEMENT_3D('',#557,#558,#559);
#557 = CARTESIAN_POINT('',(-9.893417369625,-10.80325555535,0.));
#558 = DIRECTION('',(0.,0.,-1.));
#559 = DIRECTION('',(-0.707106781187,0.707106781187,0.));
#560 = ORIENTED_EDGE('',*,*,#561,.F.);
#561 = EDGE_CURVE('',#518,#553,#562,.T.);
#562 = LINE('',#563,#564);
#563 = CARTESIAN_POINT('',(-19.79293206284,-19.28855309408,0.));
#564 = VECTOR('',#565,1.);
#565 = DIRECTION('',(0.707106781187,0.707106781187,0.));
#566 = FACE_BOUND('',#567,.T.);
#567 = EDGE_LOOP('',(#568,#579,#588,#596,#605,#614));
#568 = ORIENTED_EDGE('',*,*,#569,.F.);
#569 = EDGE_CURVE('',#570,#572,#574,.T.);
#570 = VERTEX_POINT('',#571);
#571 = CARTESIAN_POINT('',(-24.29294222286,-19.47342810988,0.));
#572 = VERTEX_POINT('',#573);
#573 = CARTESIAN_POINT('',(-24.29294222286,-18.05921095539,0.));
#574 = CIRCLE('',#575,1.000002540005);
#575 = AXIS2_PLACEMENT_3D('',#576,#577,#578);
#576 = CARTESIAN_POINT('',(-23.58583364561,-18.76631953263,0.));
#577 = DIRECTION('',(0.,0.,-1.));
#578 = DIRECTION('',(-0.707106781187,-0.707106781187,-0.));
#579 = ORIENTED_EDGE('',*,*,#580,.F.);
#580 = EDGE_CURVE('',#581,#570,#583,.T.);
#581 = VERTEX_POINT('',#582);
#582 = CARTESIAN_POINT('',(-22.87872506837,-19.47342810988,0.));
#583 = CIRCLE('',#584,1.000002540005);
#584 = AXIS2_PLACEMENT_3D('',#585,#586,#587);
#585 = CARTESIAN_POINT('',(-23.58583364561,-18.76631953263,0.));
#586 = DIRECTION('',(-0.,0.,-1.));
#587 = DIRECTION('',(0.707106781187,-0.707106781187,-0.));
#588 = ORIENTED_EDGE('',*,*,#589,.F.);
#589 = EDGE_CURVE('',#590,#581,#592,.T.);
#590 = VERTEX_POINT('',#591);
#591 = CARTESIAN_POINT('',(-10.15077786225,-6.745480903755,0.));
#592 = LINE('',#593,#594);
#593 = CARTESIAN_POINT('',(-10.15077786225,-6.745480903755,0.));
#594 = VECTOR('',#595,1.);
#595 = DIRECTION('',(-0.707106781187,-0.707106781187,0.));
#596 = ORIENTED_EDGE('',*,*,#597,.F.);
#597 = EDGE_CURVE('',#598,#590,#600,.T.);
#598 = VERTEX_POINT('',#599);
#599 = CARTESIAN_POINT('',(-10.15077786225,-5.331263749272,0.));
#600 = CIRCLE('',#601,1.000002540005);
#601 = AXIS2_PLACEMENT_3D('',#602,#603,#604);
#602 = CARTESIAN_POINT('',(-10.85788643949,-6.038372326514,0.));
#603 = DIRECTION('',(0.,0.,-1.));
#604 = DIRECTION('',(0.707106781187,0.707106781187,0.));
#605 = ORIENTED_EDGE('',*,*,#606,.F.);
#606 = EDGE_CURVE('',#607,#598,#609,.T.);
#607 = VERTEX_POINT('',#608);
#608 = CARTESIAN_POINT('',(-11.56499501673,-5.331263749272,0.));
#609 = CIRCLE('',#610,1.000002540005);
#610 = AXIS2_PLACEMENT_3D('',#611,#612,#613);
#611 = CARTESIAN_POINT('',(-10.85788643949,-6.038372326514,0.));
#612 = DIRECTION('',(0.,0.,-1.));
#613 = DIRECTION('',(-0.707106781187,0.707106781187,0.));
#614 = ORIENTED_EDGE('',*,*,#615,.F.);
#615 = EDGE_CURVE('',#572,#607,#616,.T.);
#616 = LINE('',#617,#618);
#617 = CARTESIAN_POINT('',(-24.29294222286,-18.05921095539,0.));
#618 = VECTOR('',#619,1.);
#619 = DIRECTION('',(0.707106781187,0.707106781187,0.));
#620 = FACE_BOUND('',#621,.T.);
#621 = EDGE_LOOP('',(#622,#633,#642,#650,#659,#668));
#622 = ORIENTED_EDGE('',*,*,#623,.F.);
#623 = EDGE_CURVE('',#624,#626,#628,.T.);
#624 = VERTEX_POINT('',#625);
#625 = CARTESIAN_POINT('',(-25.29294222286,-15.08827189956,0.));
#626 = VERTEX_POINT('',#627);
#627 = CARTESIAN_POINT('',(-25.29294222286,-13.67405474508,0.));
#628 = CIRCLE('',#629,1.000002540005);
#629 = AXIS2_PLACEMENT_3D('',#630,#631,#632);
#630 = CARTESIAN_POINT('',(-24.58583364561,-14.38116332232,0.));
#631 = DIRECTION('',(0.,0.,-1.));
#632 = DIRECTION('',(-0.707106781187,-0.707106781187,-0.));
#633 = ORIENTED_EDGE('',*,*,#634,.F.);
#634 = EDGE_CURVE('',#635,#624,#637,.T.);
#635 = VERTEX_POINT('',#636);
#636 = CARTESIAN_POINT('',(-23.87872506837,-15.08827189956,0.));
#637 = CIRCLE('',#638,1.000002540005);
#638 = AXIS2_PLACEMENT_3D('',#639,#640,#641);
#639 = CARTESIAN_POINT('',(-24.58583364561,-14.38116332232,0.));
#640 = DIRECTION('',(0.,0.,-1.));
#641 = DIRECTION('',(0.707106781187,-0.707106781187,0.));
#642 = ORIENTED_EDGE('',*,*,#643,.F.);
#643 = EDGE_CURVE('',#644,#635,#646,.T.);
#644 = VERTEX_POINT('',#645);
#645 = CARTESIAN_POINT('',(-14.6863189524,-5.895865783595,0.));
#646 = LINE('',#647,#648);
#647 = CARTESIAN_POINT('',(-14.6863189524,-5.895865783595,0.));
#648 = VECTOR('',#649,1.);
#649 = DIRECTION('',(-0.707106781187,-0.707106781187,0.));
#650 = ORIENTED_EDGE('',*,*,#651,.F.);
#651 = EDGE_CURVE('',#652,#644,#654,.T.);
#652 = VERTEX_POINT('',#653);
#653 = CARTESIAN_POINT('',(-14.6863189524,-4.481648629112,0.));
#654 = CIRCLE('',#655,1.000002540005);
#655 = AXIS2_PLACEMENT_3D('',#656,#657,#658);
#656 = CARTESIAN_POINT('',(-15.39342752964,-5.188757206353,0.));
#657 = DIRECTION('',(0.,0.,-1.));
#658 = DIRECTION('',(0.707106781187,0.707106781187,0.));
#659 = ORIENTED_EDGE('',*,*,#660,.F.);
#660 = EDGE_CURVE('',#661,#652,#663,.T.);
#661 = VERTEX_POINT('',#662);
#662 = CARTESIAN_POINT('',(-16.10053610688,-4.481648629112,0.));
#663 = CIRCLE('',#664,1.000002540005);
#664 = AXIS2_PLACEMENT_3D('',#665,#666,#667);
#665 = CARTESIAN_POINT('',(-15.39342752964,-5.188757206353,0.));
#666 = DIRECTION('',(0.,0.,-1.));
#667 = DIRECTION('',(-0.707106781187,0.707106781187,0.));
#668 = ORIENTED_EDGE('',*,*,#669,.F.);
#669 = EDGE_CURVE('',#626,#661,#670,.T.);
#670 = LINE('',#671,#672);
#671 = CARTESIAN_POINT('',(-25.29294222286,-13.67405474508,0.));
#672 = VECTOR('',#673,1.);
#673 = DIRECTION('',(0.707106781187,0.707106781187,0.));
#674 = FACE_BOUND('',#675,.T.);
#675 = EDGE_LOOP('',(#676,#687,#696,#704,#713,#722));
#676 = ORIENTED_EDGE('',*,*,#677,.F.);
#677 = EDGE_CURVE('',#678,#680,#682,.T.);
#678 = VERTEX_POINT('',#679);
#679 = CARTESIAN_POINT('',(-26.29294476286,-10.10805599913,0.));
#680 = VERTEX_POINT('',#681);
#681 = CARTESIAN_POINT('',(-26.29294476286,-8.693838844653,0.));
#682 = CIRCLE('',#683,1.000002540005);
#683 = AXIS2_PLACEMENT_3D('',#684,#685,#686);
#684 = CARTESIAN_POINT('',(-25.58583618562,-9.400947421895,0.));
#685 = DIRECTION('',(0.,0.,-1.));
#686 = DIRECTION('',(-0.707106781187,-0.707106781187,-0.));
#687 = ORIENTED_EDGE('',*,*,#688,.F.);
#688 = EDGE_CURVE('',#689,#678,#691,.T.);
#689 = VERTEX_POINT('',#690);
#690 = CARTESIAN_POINT('',(-24.87872760838,-10.10805599913,0.));
#691 = CIRCLE('',#692,1.000002540005);
#692 = AXIS2_PLACEMENT_3D('',#693,#694,#695);
#693 = CARTESIAN_POINT('',(-25.58583618562,-9.400947421895,0.));
#694 = DIRECTION('',(-0.,0.,-1.));
#695 = DIRECTION('',(0.707106781187,-0.707106781187,-0.));
#696 = ORIENTED_EDGE('',*,*,#697,.F.);
#697 = EDGE_CURVE('',#698,#689,#700,.T.);
#698 = VERTEX_POINT('',#699);
#699 = CARTESIAN_POINT('',(-19.22186258256,-4.451190973315,0.));
#700 = LINE('',#701,#702);
#701 = CARTESIAN_POINT('',(-19.22186258256,-4.451190973315,0.));
#702 = VECTOR('',#703,1.);
#703 = DIRECTION('',(-0.707106781187,-0.707106781187,0.));
#704 = ORIENTED_EDGE('',*,*,#705,.F.);
#705 = EDGE_CURVE('',#706,#698,#708,.T.);
#706 = VERTEX_POINT('',#707);
#707 = CARTESIAN_POINT('',(-19.22186258256,-3.036973818832,0.));
#708 = CIRCLE('',#709,1.000002540005);
#709 = AXIS2_PLACEMENT_3D('',#710,#711,#712);
#710 = CARTESIAN_POINT('',(-19.9289711598,-3.744082396074,0.));
#711 = DIRECTION('',(0.,0.,-1.));
#712 = DIRECTION('',(0.707106781187,0.707106781187,0.));
#713 = ORIENTED_EDGE('',*,*,#714,.F.);
#714 = EDGE_CURVE('',#715,#706,#717,.T.);
#715 = VERTEX_POINT('',#716);
#716 = CARTESIAN_POINT('',(-20.63607973704,-3.036973818832,0.));
#717 = CIRCLE('',#718,1.000002540005);
#718 = AXIS2_PLACEMENT_3D('',#719,#720,#721);
#719 = CARTESIAN_POINT('',(-19.9289711598,-3.744082396074,0.));
#720 = DIRECTION('',(0.,0.,-1.));
#721 = DIRECTION('',(-0.707106781187,0.707106781187,0.));
#722 = ORIENTED_EDGE('',*,*,#723,.F.);
#723 = EDGE_CURVE('',#680,#715,#724,.T.);
#724 = LINE('',#725,#726);
#725 = CARTESIAN_POINT('',(-26.29294476286,-8.693838844653,0.));
#726 = VECTOR('',#727,1.);
#727 = DIRECTION('',(0.707106781187,0.707106781187,0.));
#728 = PLANE('',#729);
#729 = AXIS2_PLACEMENT_3D('',#730,#731,#732);
#730 = CARTESIAN_POINT('',(-13.57924351793,-16.5055850558,0.));
#731 = DIRECTION('',(-0.,-0.,-1.));
#732 = DIRECTION('',(-1.,0.,0.));
#733 = ADVANCED_FACE('',(#734,#912,#946,#1016,#1070,#1104,#1158,#1212,
    #1266),#1320,.F.);
#734 = FACE_BOUND('',#735,.F.);
#735 = EDGE_LOOP('',(#736,#737,#738,#746,#754,#763,#771,#779,#787,#796,
    #804,#813,#821,#829,#837,#846,#854,#862,#871,#879,#888,#896,#905,
    #911));
#736 = ORIENTED_EDGE('',*,*,#49,.T.);
#737 = ORIENTED_EDGE('',*,*,#113,.T.);
#738 = ORIENTED_EDGE('',*,*,#739,.T.);
#739 = EDGE_CURVE('',#114,#740,#742,.T.);
#740 = VERTEX_POINT('',#741);
#741 = CARTESIAN_POINT('',(-1.270002540005E-02,-1.270002540005E-02,
    1.000050800102));
#742 = LINE('',#743,#744);
#743 = CARTESIAN_POINT('',(-23.75740919053,-1.270002540005E-02,
    1.000050800102));
#744 = VECTOR('',#745,1.);
#745 = DIRECTION('',(1.,-6.195255951117E-17,0.));
#746 = ORIENTED_EDGE('',*,*,#747,.T.);
#747 = EDGE_CURVE('',#740,#748,#750,.T.);
#748 = VERTEX_POINT('',#749);
#749 = CARTESIAN_POINT('',(-1.270002540005E-02,-2.70000508001,
    1.000050800102));
#750 = LINE('',#751,#752);
#751 = CARTESIAN_POINT('',(-1.270002540005E-02,-1.270002540005E-02,
    1.000050800102));
#752 = VECTOR('',#753,1.);
#753 = DIRECTION('',(6.132490613043E-17,-1.,0.));
#754 = ORIENTED_EDGE('',*,*,#755,.T.);
#755 = EDGE_CURVE('',#748,#756,#758,.T.);
#756 = VERTEX_POINT('',#757);
#757 = CARTESIAN_POINT('',(-1.978856345356E-17,-2.71270510541,
    1.000050800102));
#758 = CIRCLE('',#759,1.270002540005E-02);
#759 = AXIS2_PLACEMENT_3D('',#760,#761,#762);
#760 = CARTESIAN_POINT('',(8.890457814381E-17,-2.70000508001,
    1.000050800102));
#761 = DIRECTION('',(0.,0.,1.));
#762 = DIRECTION('',(-1.,-5.022431382993E-15,0.));
#763 = ORIENTED_EDGE('',*,*,#764,.T.);
#764 = EDGE_CURVE('',#756,#765,#767,.T.);
#765 = VERTEX_POINT('',#766);
#766 = CARTESIAN_POINT('',(0.987302514605,-2.71270510541,1.000050800102)
  );
#767 = LINE('',#768,#769);
#768 = CARTESIAN_POINT('',(-1.947076727966E-17,-2.71270510541,
    1.000050800102));
#769 = VECTOR('',#770,1.);
#770 = DIRECTION('',(1.,0.,0.));
#771 = ORIENTED_EDGE('',*,*,#772,.T.);
#772 = EDGE_CURVE('',#765,#773,#775,.T.);
#773 = VERTEX_POINT('',#774);
#774 = CARTESIAN_POINT('',(0.987302514605,-5.68731013462,1.000050800102)
  );
#775 = LINE('',#776,#777);
#776 = CARTESIAN_POINT('',(0.987302514605,-2.71270510541,1.000050800102)
  );
#777 = VECTOR('',#778,1.);
#778 = DIRECTION('',(3.732337617005E-17,-1.,0.));
#779 = ORIENTED_EDGE('',*,*,#780,.T.);
#780 = EDGE_CURVE('',#773,#781,#783,.T.);
#781 = VERTEX_POINT('',#782);
#782 = CARTESIAN_POINT('',(-5.589703250522E-19,-5.68731013462,
    1.000050800102));
#783 = LINE('',#784,#785);
#784 = CARTESIAN_POINT('',(0.987302514605,-5.68731013462,1.000050800102)
  );
#785 = VECTOR('',#786,1.);
#786 = DIRECTION('',(-1.,0.,0.));
#787 = ORIENTED_EDGE('',*,*,#788,.T.);
#788 = EDGE_CURVE('',#781,#789,#791,.T.);
#789 = VERTEX_POINT('',#790);
#790 = CARTESIAN_POINT('',(-1.270002540005E-02,-5.70001016002,
    1.000050800102));
#791 = CIRCLE('',#792,1.270002540005E-02);
#792 = AXIS2_PLACEMENT_3D('',#793,#794,#795);
#793 = CARTESIAN_POINT('',(3.766855652099E-16,-5.70001016002,
    1.000050800102));
#794 = DIRECTION('',(0.,0.,1.));
#795 = DIRECTION('',(-2.974824742234E-14,1.,0.));
#796 = ORIENTED_EDGE('',*,*,#797,.T.);
#797 = EDGE_CURVE('',#789,#798,#800,.T.);
#798 = VERTEX_POINT('',#799);
#799 = CARTESIAN_POINT('',(-1.270002540005E-02,-23.70004826009,
    1.000050800102));
#800 = LINE('',#801,#802);
#801 = CARTESIAN_POINT('',(-1.270002540005E-02,-5.70001016002,
    1.000050800102));
#802 = VECTOR('',#803,1.);
#803 = DIRECTION('',(6.119705975737E-17,-1.,0.));
#804 = ORIENTED_EDGE('',*,*,#805,.T.);
#805 = EDGE_CURVE('',#798,#806,#808,.T.);
#806 = VERTEX_POINT('',#807);
#807 = CARTESIAN_POINT('',(-2.41910301887E-18,-23.71274828549,
    1.000050800102));
#808 = CIRCLE('',#809,1.270002540005E-02);
#809 = AXIS2_PLACEMENT_3D('',#810,#811,#812);
#810 = CARTESIAN_POINT('',(7.598088824778E-16,-23.70004826009,
    1.000050800102));
#811 = DIRECTION('',(0.,0.,1.));
#812 = DIRECTION('',(-1.,1.622631677583E-14,0.));
#813 = ORIENTED_EDGE('',*,*,#814,.T.);
#814 = EDGE_CURVE('',#806,#815,#817,.T.);
#815 = VERTEX_POINT('',#816);
#816 = CARTESIAN_POINT('',(0.987302514605,-23.71274828549,1.000050800102
    ));
#817 = LINE('',#818,#819);
#818 = CARTESIAN_POINT('',(-2.260297576149E-18,-23.71274828549,
    1.000050800102));
#819 = VECTOR('',#820,1.);
#820 = DIRECTION('',(1.,-3.598404365679E-15,0.));
#821 = ORIENTED_EDGE('',*,*,#822,.T.);
#822 = EDGE_CURVE('',#815,#823,#825,.T.);
#823 = VERTEX_POINT('',#824);
#824 = CARTESIAN_POINT('',(0.987302514605,-26.6873533147,1.000050800102)
  );
#825 = LINE('',#826,#827);
#826 = CARTESIAN_POINT('',(0.987302514605,-23.71274828549,1.000050800102
    ));
#827 = VECTOR('',#828,1.);
#828 = DIRECTION('',(3.732337617005E-17,-1.,0.));
#829 = ORIENTED_EDGE('',*,*,#830,.T.);
#830 = EDGE_CURVE('',#823,#831,#833,.T.);
#831 = VERTEX_POINT('',#832);
#832 = CARTESIAN_POINT('',(0.,-26.6873533147,1.000050800102));
#833 = LINE('',#834,#835);
#834 = CARTESIAN_POINT('',(0.987302514605,-26.6873533147,1.000050800102)
  );
#835 = VECTOR('',#836,1.);
#836 = DIRECTION('',(-1.,0.,0.));
#837 = ORIENTED_EDGE('',*,*,#838,.T.);
#838 = EDGE_CURVE('',#831,#839,#841,.T.);
#839 = VERTEX_POINT('',#840);
#840 = CARTESIAN_POINT('',(-1.270002540005E-02,-26.7000533401,
    1.000050800102));
#841 = CIRCLE('',#842,1.270002540005E-02);
#842 = AXIS2_PLACEMENT_3D('',#843,#844,#845);
#843 = CARTESIAN_POINT('',(-6.607888384392E-17,-26.7000533401,
    1.000050800102));
#844 = DIRECTION('',(0.,0.,1.));
#845 = DIRECTION('',(5.215601820801E-15,1.,-0.));
#846 = ORIENTED_EDGE('',*,*,#847,.T.);
#847 = EDGE_CURVE('',#839,#848,#850,.T.);
#848 = VERTEX_POINT('',#849);
#849 = CARTESIAN_POINT('',(-1.270002540005E-02,-29.38735839471,
    1.000050800102));
#850 = LINE('',#851,#852);
#851 = CARTESIAN_POINT('',(-1.270002540005E-02,-26.7000533401,
    1.000050800102));
#852 = VECTOR('',#853,1.);
#853 = DIRECTION('',(6.003385547505E-17,-1.,0.));
#854 = ORIENTED_EDGE('',*,*,#855,.T.);
#855 = EDGE_CURVE('',#848,#856,#858,.T.);
#856 = VERTEX_POINT('',#857);
#857 = CARTESIAN_POINT('',(-2.50000508001,-29.38735839471,1.000050800102
    ));
#858 = LINE('',#859,#860);
#859 = CARTESIAN_POINT('',(-1.270002540005E-02,-29.38735839471,
    1.000050800102));
#860 = VECTOR('',#861,1.);
#861 = DIRECTION('',(-1.,0.,0.));
#862 = ORIENTED_EDGE('',*,*,#863,.T.);
#863 = EDGE_CURVE('',#856,#864,#866,.T.);
#864 = VERTEX_POINT('',#865);
#865 = CARTESIAN_POINT('',(-5.01271018542,-31.90006350012,1.000050800102
    ));
#866 = CIRCLE('',#867,2.51270510541);
#867 = AXIS2_PLACEMENT_3D('',#868,#869,#870);
#868 = CARTESIAN_POINT('',(-2.50000508001,-31.90006350012,1.000050800102
    ));
#869 = DIRECTION('',(0.,0.,1.));
#870 = DIRECTION('',(-2.062042657732E-15,1.,0.));
#871 = ORIENTED_EDGE('',*,*,#872,.T.);
#872 = EDGE_CURVE('',#864,#873,#875,.T.);
#873 = VERTEX_POINT('',#874);
#874 = CARTESIAN_POINT('',(-5.01271018542,-34.70180595933,1.000050800102
    ));
#875 = LINE('',#876,#877);
#876 = CARTESIAN_POINT('',(-5.01271018542,-31.90006350012,1.000050800102
    ));
#877 = VECTOR('',#878,1.);
#878 = DIRECTION('',(3.170093014011E-15,-1.,0.));
#879 = ORIENTED_EDGE('',*,*,#880,.T.);
#880 = EDGE_CURVE('',#873,#881,#883,.T.);
#881 = VERTEX_POINT('',#882);
#882 = CARTESIAN_POINT('',(-6.252026239818,-35.65640495217,
    1.000050800102));
#883 = CIRCLE('',#884,0.987303108479);
#884 = AXIS2_PLACEMENT_3D('',#885,#886,#887);
#885 = CARTESIAN_POINT('',(-6.000013293898,-34.70180718185,
    1.000050800102));
#886 = DIRECTION('',(0.,0.,-1.));
#887 = DIRECTION('',(0.999999999999,1.238243006783E-06,0.));
#888 = ORIENTED_EDGE('',*,*,#889,.T.);
#889 = EDGE_CURVE('',#881,#890,#892,.T.);
#890 = VERTEX_POINT('',#891);
#891 = CARTESIAN_POINT('',(-27.7625799451,-29.97761907878,1.000050800102
    ));
#892 = LINE('',#893,#894);
#893 = CARTESIAN_POINT('',(-6.252026239818,-35.65640495217,
    1.000050800102));
#894 = VECTOR('',#895,1.);
#895 = DIRECTION('',(-0.966873852488,0.255254683356,0.));
#896 = ORIENTED_EDGE('',*,*,#897,.T.);
#897 = EDGE_CURVE('',#890,#898,#900,.T.);
#898 = VERTEX_POINT('',#899);
#899 = CARTESIAN_POINT('',(-29.98736093472,-27.08927101918,
    1.000050800102));
#900 = CIRCLE('',#901,2.987306200931);
#901 = AXIS2_PLACEMENT_3D('',#902,#903,#904);
#902 = CARTESIAN_POINT('',(-27.00005473379,-27.08927117033,
    1.000050800102));
#903 = DIRECTION('',(0.,0.,-1.));
#904 = DIRECTION('',(-0.25525512285,-0.966873736461,-0.));
#905 = ORIENTED_EDGE('',*,*,#906,.T.);
#906 = EDGE_CURVE('',#898,#82,#907,.T.);
#907 = LINE('',#908,#909);
#908 = CARTESIAN_POINT('',(-29.98736093472,-27.08927101918,
    1.000050800102));
#909 = VECTOR('',#910,1.);
#910 = DIRECTION('',(5.112647239724E-16,1.,0.));
#911 = ORIENTED_EDGE('',*,*,#89,.T.);
#912 = FACE_BOUND('',#913,.F.);
#913 = EDGE_LOOP('',(#914,#924,#932,#940));
#914 = ORIENTED_EDGE('',*,*,#915,.F.);
#915 = EDGE_CURVE('',#916,#918,#920,.T.);
#916 = VERTEX_POINT('',#917);
#917 = CARTESIAN_POINT('',(-8.00001524003,-28.40005588011,1.000050800102
    ));
#918 = VERTEX_POINT('',#919);
#919 = CARTESIAN_POINT('',(-5.00001016002,-28.40005588011,1.000050800102
    ));
#920 = LINE('',#921,#922);
#921 = CARTESIAN_POINT('',(-8.00001524003,-28.40005588011,1.000050800102
    ));
#922 = VECTOR('',#923,1.);
#923 = DIRECTION('',(1.,0.,0.));
#924 = ORIENTED_EDGE('',*,*,#925,.F.);
#925 = EDGE_CURVE('',#926,#916,#928,.T.);
#926 = VERTEX_POINT('',#927);
#927 = CARTESIAN_POINT('',(-8.00001524003,-29.40005842011,1.000050800102
    ));
#928 = LINE('',#929,#930);
#929 = CARTESIAN_POINT('',(-8.00001524003,-29.40005842011,1.000050800102
    ));
#930 = VECTOR('',#931,1.);
#931 = DIRECTION('',(0.,1.,0.));
#932 = ORIENTED_EDGE('',*,*,#933,.F.);
#933 = EDGE_CURVE('',#934,#926,#936,.T.);
#934 = VERTEX_POINT('',#935);
#935 = CARTESIAN_POINT('',(-5.00001016002,-29.40005842011,1.000050800102
    ));
#936 = LINE('',#937,#938);
#937 = CARTESIAN_POINT('',(-5.00001016002,-29.40005842011,1.000050800102
    ));
#938 = VECTOR('',#939,1.);
#939 = DIRECTION('',(-1.,0.,0.));
#940 = ORIENTED_EDGE('',*,*,#941,.F.);
#941 = EDGE_CURVE('',#918,#934,#942,.T.);
#942 = LINE('',#943,#944);
#943 = CARTESIAN_POINT('',(-5.00001016002,-28.40005588011,1.000050800102
    ));
#944 = VECTOR('',#945,1.);
#945 = DIRECTION('',(0.,-1.,0.));
#946 = FACE_BOUND('',#947,.F.);
#947 = EDGE_LOOP('',(#948,#959,#967,#976,#984,#993,#1001,#1010));
#948 = ORIENTED_EDGE('',*,*,#949,.F.);
#949 = EDGE_CURVE('',#950,#952,#954,.T.);
#950 = VERTEX_POINT('',#951);
#951 = CARTESIAN_POINT('',(-17.00003302006,-26.2500533401,1.000050800102
    ));
#952 = VERTEX_POINT('',#953);
#953 = CARTESIAN_POINT('',(-16.00003048006,-25.2500508001,1.000050800102
    ));
#954 = CIRCLE('',#955,1.000002540005);
#955 = AXIS2_PLACEMENT_3D('',#956,#957,#958);
#956 = CARTESIAN_POINT('',(-16.00003048006,-26.2500533401,1.000050800102
    ));
#957 = DIRECTION('',(0.,0.,-1.));
#958 = DIRECTION('',(-1.,-4.239238870758E-15,-0.));
#959 = ORIENTED_EDGE('',*,*,#960,.F.);
#960 = EDGE_CURVE('',#961,#950,#963,.T.);
#961 = VERTEX_POINT('',#962);
#962 = CARTESIAN_POINT('',(-17.00003302006,-27.55005588011,
    1.000050800102));
#963 = LINE('',#964,#965);
#964 = CARTESIAN_POINT('',(-17.00003302006,-27.55005588011,
    1.000050800102));
#965 = VECTOR('',#966,1.);
#966 = DIRECTION('',(0.,1.,0.));
#967 = ORIENTED_EDGE('',*,*,#968,.F.);
#968 = EDGE_CURVE('',#969,#961,#971,.T.);
#969 = VERTEX_POINT('',#970);
#970 = CARTESIAN_POINT('',(-16.00003048006,-28.55005842011,
    1.000050800102));
#971 = CIRCLE('',#972,1.000002540005);
#972 = AXIS2_PLACEMENT_3D('',#973,#974,#975);
#973 = CARTESIAN_POINT('',(-16.00003048006,-27.55005588011,
    1.000050800102));
#974 = DIRECTION('',(0.,0.,-1.));
#975 = DIRECTION('',(-7.850442353255E-16,-1.,-0.));
#976 = ORIENTED_EDGE('',*,*,#977,.F.);
#977 = EDGE_CURVE('',#978,#969,#980,.T.);
#978 = VERTEX_POINT('',#979);
#979 = CARTESIAN_POINT('',(-9.000017780036,-28.55005842011,
    1.000050800102));
#980 = LINE('',#981,#982);
#981 = CARTESIAN_POINT('',(-9.000017780036,-28.55005842011,
    1.000050800102));
#982 = VECTOR('',#983,1.);
#983 = DIRECTION('',(-1.,-5.075296047374E-16,0.));
#984 = ORIENTED_EDGE('',*,*,#985,.F.);
#985 = EDGE_CURVE('',#986,#978,#988,.T.);
#986 = VERTEX_POINT('',#987);
#987 = CARTESIAN_POINT('',(-8.00001524003,-27.55005588011,1.000050800102
    ));
#988 = CIRCLE('',#989,1.000002540005);
#989 = AXIS2_PLACEMENT_3D('',#990,#991,#992);
#990 = CARTESIAN_POINT('',(-9.000017780036,-27.55005588011,
    1.000050800102));
#991 = DIRECTION('',(0.,0.,-1.));
#992 = DIRECTION('',(1.,-7.850442353255E-17,0.));
#993 = ORIENTED_EDGE('',*,*,#994,.F.);
#994 = EDGE_CURVE('',#995,#986,#997,.T.);
#995 = VERTEX_POINT('',#996);
#996 = CARTESIAN_POINT('',(-8.00001524003,-26.2500533401,1.000050800102)
  );
#997 = LINE('',#998,#999);
#998 = CARTESIAN_POINT('',(-8.00001524003,-26.2500533401,1.000050800102)
  );
#999 = VECTOR('',#1000,1.);
#1000 = DIRECTION('',(0.,-1.,0.));
#1001 = ORIENTED_EDGE('',*,*,#1002,.F.);
#1002 = EDGE_CURVE('',#1003,#995,#1005,.T.);
#1003 = VERTEX_POINT('',#1004);
#1004 = CARTESIAN_POINT('',(-9.000017780036,-25.2500508001,
    1.000050800102));
#1005 = CIRCLE('',#1006,1.000002540005);
#1006 = AXIS2_PLACEMENT_3D('',#1007,#1008,#1009);
#1007 = CARTESIAN_POINT('',(-9.000017780036,-26.2500533401,
    1.000050800102));
#1008 = DIRECTION('',(0.,0.,-1.));
#1009 = DIRECTION('',(7.850442353255E-17,1.,0.));
#1010 = ORIENTED_EDGE('',*,*,#1011,.F.);
#1011 = EDGE_CURVE('',#952,#1003,#1012,.T.);
#1012 = LINE('',#1013,#1014);
#1013 = CARTESIAN_POINT('',(-16.00003048006,-25.2500508001,
    1.000050800102));
#1014 = VECTOR('',#1015,1.);
#1015 = DIRECTION('',(1.,5.075296047374E-16,0.));
#1016 = FACE_BOUND('',#1017,.F.);
#1017 = EDGE_LOOP('',(#1018,#1029,#1038,#1046,#1055,#1064));
#1018 = ORIENTED_EDGE('',*,*,#1019,.F.);
#1019 = EDGE_CURVE('',#1020,#1022,#1024,.T.);
#1020 = VERTEX_POINT('',#1021);
#1021 = CARTESIAN_POINT('',(-15.29292444282,-21.69276516855,
    1.000050800102));
#1022 = VERTEX_POINT('',#1023);
#1023 = CARTESIAN_POINT('',(-15.29292444282,-20.27854801407,
    1.000050800102));
#1024 = CIRCLE('',#1025,1.000002540005);
#1025 = AXIS2_PLACEMENT_3D('',#1026,#1027,#1028);
#1026 = CARTESIAN_POINT('',(-14.58581586558,-20.98565659131,
    1.000050800102));
#1027 = DIRECTION('',(0.,0.,-1.));
#1028 = DIRECTION('',(-0.707106781187,-0.707106781187,-0.));
#1029 = ORIENTED_EDGE('',*,*,#1030,.F.);
#1030 = EDGE_CURVE('',#1031,#1020,#1033,.T.);
#1031 = VERTEX_POINT('',#1032);
#1032 = CARTESIAN_POINT('',(-13.87870728834,-21.69276516855,
    1.000050800102));
#1033 = CIRCLE('',#1034,1.000002540005);
#1034 = AXIS2_PLACEMENT_3D('',#1035,#1036,#1037);
#1035 = CARTESIAN_POINT('',(-14.58581586558,-20.98565659131,
    1.000050800102));
#1036 = DIRECTION('',(-0.,0.,-1.));
#1037 = DIRECTION('',(0.707106781187,-0.707106781187,-0.));
#1038 = ORIENTED_EDGE('',*,*,#1039,.F.);
#1039 = EDGE_CURVE('',#1040,#1031,#1042,.T.);
#1040 = VERTEX_POINT('',#1041);
#1041 = CARTESIAN_POINT('',(-8.221842262521,-16.03590014273,
    1.000050800102));
#1042 = LINE('',#1043,#1044);
#1043 = CARTESIAN_POINT('',(-8.221842262521,-16.03590014273,
    1.000050800102));
#1044 = VECTOR('',#1045,1.);
#1045 = DIRECTION('',(-0.707106781187,-0.707106781187,0.));
#1046 = ORIENTED_EDGE('',*,*,#1047,.F.);
#1047 = EDGE_CURVE('',#1048,#1040,#1050,.T.);
#1048 = VERTEX_POINT('',#1049);
#1049 = CARTESIAN_POINT('',(-8.221842262521,-14.62168298825,
    1.000050800102));
#1050 = CIRCLE('',#1051,1.000002540005);
#1051 = AXIS2_PLACEMENT_3D('',#1052,#1053,#1054);
#1052 = CARTESIAN_POINT('',(-8.928950839762,-15.32879156549,
    1.000050800102));
#1053 = DIRECTION('',(0.,0.,-1.));
#1054 = DIRECTION('',(0.707106781187,0.707106781187,0.));
#1055 = ORIENTED_EDGE('',*,*,#1056,.F.);
#1056 = EDGE_CURVE('',#1057,#1048,#1059,.T.);
#1057 = VERTEX_POINT('',#1058);
#1058 = CARTESIAN_POINT('',(-9.636059417003,-14.62168298825,
    1.000050800102));
#1059 = CIRCLE('',#1060,1.000002540005);
#1060 = AXIS2_PLACEMENT_3D('',#1061,#1062,#1063);
#1061 = CARTESIAN_POINT('',(-8.928950839762,-15.32879156549,
    1.000050800102));
#1062 = DIRECTION('',(0.,0.,-1.));
#1063 = DIRECTION('',(-0.707106781187,0.707106781187,0.));
#1064 = ORIENTED_EDGE('',*,*,#1065,.F.);
#1065 = EDGE_CURVE('',#1022,#1057,#1066,.T.);
#1066 = LINE('',#1067,#1068);
#1067 = CARTESIAN_POINT('',(-15.29292444282,-20.27854801407,
    1.000050800102));
#1068 = VECTOR('',#1069,1.);
#1069 = DIRECTION('',(0.707106781187,0.707106781187,0.));
#1070 = FACE_BOUND('',#1071,.F.);
#1071 = EDGE_LOOP('',(#1072,#1082,#1090,#1098));
#1072 = ORIENTED_EDGE('',*,*,#1073,.F.);
#1073 = EDGE_CURVE('',#1074,#1076,#1078,.T.);
#1074 = VERTEX_POINT('',#1075);
#1075 = CARTESIAN_POINT('',(-20.00004064008,-28.40005588011,
    1.000050800102));
#1076 = VERTEX_POINT('',#1077);
#1077 = CARTESIAN_POINT('',(-17.00003556007,-28.40005588011,
    1.000050800102));
#1078 = LINE('',#1079,#1080);
#1079 = CARTESIAN_POINT('',(-20.00004064008,-28.40005588011,
    1.000050800102));
#1080 = VECTOR('',#1081,1.);
#1081 = DIRECTION('',(1.,0.,0.));
#1082 = ORIENTED_EDGE('',*,*,#1083,.F.);
#1083 = EDGE_CURVE('',#1084,#1074,#1086,.T.);
#1084 = VERTEX_POINT('',#1085);
#1085 = CARTESIAN_POINT('',(-20.00004064008,-29.40005842011,
    1.000050800102));
#1086 = LINE('',#1087,#1088);
#1087 = CARTESIAN_POINT('',(-20.00004064008,-29.40005842011,
    1.000050800102));
#1088 = VECTOR('',#1089,1.);
#1089 = DIRECTION('',(0.,1.,0.));
#1090 = ORIENTED_EDGE('',*,*,#1091,.F.);
#1091 = EDGE_CURVE('',#1092,#1084,#1094,.T.);
#1092 = VERTEX_POINT('',#1093);
#1093 = CARTESIAN_POINT('',(-17.00003556007,-29.40005842011,
    1.000050800102));
#1094 = LINE('',#1095,#1096);
#1095 = CARTESIAN_POINT('',(-17.00003556007,-29.40005842011,
    1.000050800102));
#1096 = VECTOR('',#1097,1.);
#1097 = DIRECTION('',(-1.,0.,0.));
#1098 = ORIENTED_EDGE('',*,*,#1099,.F.);
#1099 = EDGE_CURVE('',#1076,#1092,#1100,.T.);
#1100 = LINE('',#1101,#1102);
#1101 = CARTESIAN_POINT('',(-17.00003556007,-28.40005588011,
    1.000050800102));
#1102 = VECTOR('',#1103,1.);
#1103 = DIRECTION('',(0.,-1.,0.));
#1104 = FACE_BOUND('',#1105,.F.);
#1105 = EDGE_LOOP('',(#1106,#1117,#1126,#1134,#1143,#1152));
#1106 = ORIENTED_EDGE('',*,*,#1107,.F.);
#1107 = EDGE_CURVE('',#1108,#1110,#1112,.T.);
#1108 = VERTEX_POINT('',#1109);
#1109 = CARTESIAN_POINT('',(-19.79293206284,-20.70277024856,
    1.000050800102));
#1110 = VERTEX_POINT('',#1111);
#1111 = CARTESIAN_POINT('',(-19.79293206284,-19.28855309408,
    1.000050800102));
#1112 = CIRCLE('',#1113,1.000002540005);
#1113 = AXIS2_PLACEMENT_3D('',#1114,#1115,#1116);
#1114 = CARTESIAN_POINT('',(-19.08582348559,-19.99566167132,
    1.000050800102));
#1115 = DIRECTION('',(0.,0.,-1.));
#1116 = DIRECTION('',(-0.707106781187,-0.707106781187,-0.));
#1117 = ORIENTED_EDGE('',*,*,#1118,.F.);
#1118 = EDGE_CURVE('',#1119,#1108,#1121,.T.);
#1119 = VERTEX_POINT('',#1120);
#1120 = CARTESIAN_POINT('',(-18.37871490835,-20.70277024856,
    1.000050800102));
#1121 = CIRCLE('',#1122,1.000002540005);
#1122 = AXIS2_PLACEMENT_3D('',#1123,#1124,#1125);
#1123 = CARTESIAN_POINT('',(-19.08582348559,-19.99566167132,
    1.000050800102));
#1124 = DIRECTION('',(-0.,0.,-1.));
#1125 = DIRECTION('',(0.707106781187,-0.707106781187,-0.));
#1126 = ORIENTED_EDGE('',*,*,#1127,.F.);
#1127 = EDGE_CURVE('',#1128,#1119,#1130,.T.);
#1128 = VERTEX_POINT('',#1129);
#1129 = CARTESIAN_POINT('',(-9.186308792384,-11.51036413259,
    1.000050800102));
#1130 = LINE('',#1131,#1132);
#1131 = CARTESIAN_POINT('',(-9.186308792384,-11.51036413259,
    1.000050800102));
#1132 = VECTOR('',#1133,1.);
#1133 = DIRECTION('',(-0.707106781187,-0.707106781187,0.));
#1134 = ORIENTED_EDGE('',*,*,#1135,.F.);
#1135 = EDGE_CURVE('',#1136,#1128,#1138,.T.);
#1136 = VERTEX_POINT('',#1137);
#1137 = CARTESIAN_POINT('',(-9.186308792384,-10.0961469781,
    1.000050800102));
#1138 = CIRCLE('',#1139,1.000002540005);
#1139 = AXIS2_PLACEMENT_3D('',#1140,#1141,#1142);
#1140 = CARTESIAN_POINT('',(-9.893417369625,-10.80325555535,
    1.000050800102));
#1141 = DIRECTION('',(0.,0.,-1.));
#1142 = DIRECTION('',(0.707106781187,0.707106781187,0.));
#1143 = ORIENTED_EDGE('',*,*,#1144,.F.);
#1144 = EDGE_CURVE('',#1145,#1136,#1147,.T.);
#1145 = VERTEX_POINT('',#1146);
#1146 = CARTESIAN_POINT('',(-10.60052594686,-10.0961469781,
    1.000050800102));
#1147 = CIRCLE('',#1148,1.000002540005);
#1148 = AXIS2_PLACEMENT_3D('',#1149,#1150,#1151);
#1149 = CARTESIAN_POINT('',(-9.893417369625,-10.80325555535,
    1.000050800102));
#1150 = DIRECTION('',(0.,0.,-1.));
#1151 = DIRECTION('',(-0.707106781187,0.707106781187,0.));
#1152 = ORIENTED_EDGE('',*,*,#1153,.F.);
#1153 = EDGE_CURVE('',#1110,#1145,#1154,.T.);
#1154 = LINE('',#1155,#1156);
#1155 = CARTESIAN_POINT('',(-19.79293206284,-19.28855309408,
    1.000050800102));
#1156 = VECTOR('',#1157,1.);
#1157 = DIRECTION('',(0.707106781187,0.707106781187,0.));
#1158 = FACE_BOUND('',#1159,.F.);
#1159 = EDGE_LOOP('',(#1160,#1171,#1180,#1188,#1197,#1206));
#1160 = ORIENTED_EDGE('',*,*,#1161,.F.);
#1161 = EDGE_CURVE('',#1162,#1164,#1166,.T.);
#1162 = VERTEX_POINT('',#1163);
#1163 = CARTESIAN_POINT('',(-24.29294222286,-19.47342810988,
    1.000050800102));
#1164 = VERTEX_POINT('',#1165);
#1165 = CARTESIAN_POINT('',(-24.29294222286,-18.05921095539,
    1.000050800102));
#1166 = CIRCLE('',#1167,1.000002540005);
#1167 = AXIS2_PLACEMENT_3D('',#1168,#1169,#1170);
#1168 = CARTESIAN_POINT('',(-23.58583364561,-18.76631953263,
    1.000050800102));
#1169 = DIRECTION('',(0.,0.,-1.));
#1170 = DIRECTION('',(-0.707106781187,-0.707106781187,-0.));
#1171 = ORIENTED_EDGE('',*,*,#1172,.F.);
#1172 = EDGE_CURVE('',#1173,#1162,#1175,.T.);
#1173 = VERTEX_POINT('',#1174);
#1174 = CARTESIAN_POINT('',(-22.87872506837,-19.47342810988,
    1.000050800102));
#1175 = CIRCLE('',#1176,1.000002540005);
#1176 = AXIS2_PLACEMENT_3D('',#1177,#1178,#1179);
#1177 = CARTESIAN_POINT('',(-23.58583364561,-18.76631953263,
    1.000050800102));
#1178 = DIRECTION('',(-0.,0.,-1.));
#1179 = DIRECTION('',(0.707106781187,-0.707106781187,-0.));
#1180 = ORIENTED_EDGE('',*,*,#1181,.F.);
#1181 = EDGE_CURVE('',#1182,#1173,#1184,.T.);
#1182 = VERTEX_POINT('',#1183);
#1183 = CARTESIAN_POINT('',(-10.15077786225,-6.745480903755,
    1.000050800102));
#1184 = LINE('',#1185,#1186);
#1185 = CARTESIAN_POINT('',(-10.15077786225,-6.745480903755,
    1.000050800102));
#1186 = VECTOR('',#1187,1.);
#1187 = DIRECTION('',(-0.707106781187,-0.707106781187,0.));
#1188 = ORIENTED_EDGE('',*,*,#1189,.F.);
#1189 = EDGE_CURVE('',#1190,#1182,#1192,.T.);
#1190 = VERTEX_POINT('',#1191);
#1191 = CARTESIAN_POINT('',(-10.15077786225,-5.331263749272,
    1.000050800102));
#1192 = CIRCLE('',#1193,1.000002540005);
#1193 = AXIS2_PLACEMENT_3D('',#1194,#1195,#1196);
#1194 = CARTESIAN_POINT('',(-10.85788643949,-6.038372326514,
    1.000050800102));
#1195 = DIRECTION('',(0.,0.,-1.));
#1196 = DIRECTION('',(0.707106781187,0.707106781187,0.));
#1197 = ORIENTED_EDGE('',*,*,#1198,.F.);
#1198 = EDGE_CURVE('',#1199,#1190,#1201,.T.);
#1199 = VERTEX_POINT('',#1200);
#1200 = CARTESIAN_POINT('',(-11.56499501673,-5.331263749272,
    1.000050800102));
#1201 = CIRCLE('',#1202,1.000002540005);
#1202 = AXIS2_PLACEMENT_3D('',#1203,#1204,#1205);
#1203 = CARTESIAN_POINT('',(-10.85788643949,-6.038372326514,
    1.000050800102));
#1204 = DIRECTION('',(0.,0.,-1.));
#1205 = DIRECTION('',(-0.707106781187,0.707106781187,0.));
#1206 = ORIENTED_EDGE('',*,*,#1207,.F.);
#1207 = EDGE_CURVE('',#1164,#1199,#1208,.T.);
#1208 = LINE('',#1209,#1210);
#1209 = CARTESIAN_POINT('',(-24.29294222286,-18.05921095539,
    1.000050800102));
#1210 = VECTOR('',#1211,1.);
#1211 = DIRECTION('',(0.707106781187,0.707106781187,0.));
#1212 = FACE_BOUND('',#1213,.F.);
#1213 = EDGE_LOOP('',(#1214,#1225,#1234,#1242,#1251,#1260));
#1214 = ORIENTED_EDGE('',*,*,#1215,.F.);
#1215 = EDGE_CURVE('',#1216,#1218,#1220,.T.);
#1216 = VERTEX_POINT('',#1217);
#1217 = CARTESIAN_POINT('',(-25.29294222286,-15.08827189956,
    1.000050800102));
#1218 = VERTEX_POINT('',#1219);
#1219 = CARTESIAN_POINT('',(-25.29294222286,-13.67405474508,
    1.000050800102));
#1220 = CIRCLE('',#1221,1.000002540005);
#1221 = AXIS2_PLACEMENT_3D('',#1222,#1223,#1224);
#1222 = CARTESIAN_POINT('',(-24.58583364561,-14.38116332232,
    1.000050800102));
#1223 = DIRECTION('',(0.,0.,-1.));
#1224 = DIRECTION('',(-0.707106781187,-0.707106781187,-0.));
#1225 = ORIENTED_EDGE('',*,*,#1226,.F.);
#1226 = EDGE_CURVE('',#1227,#1216,#1229,.T.);
#1227 = VERTEX_POINT('',#1228);
#1228 = CARTESIAN_POINT('',(-23.87872506837,-15.08827189956,
    1.000050800102));
#1229 = CIRCLE('',#1230,1.000002540005);
#1230 = AXIS2_PLACEMENT_3D('',#1231,#1232,#1233);
#1231 = CARTESIAN_POINT('',(-24.58583364561,-14.38116332232,
    1.000050800102));
#1232 = DIRECTION('',(0.,0.,-1.));
#1233 = DIRECTION('',(0.707106781187,-0.707106781187,0.));
#1234 = ORIENTED_EDGE('',*,*,#1235,.F.);
#1235 = EDGE_CURVE('',#1236,#1227,#1238,.T.);
#1236 = VERTEX_POINT('',#1237);
#1237 = CARTESIAN_POINT('',(-14.6863189524,-5.895865783595,
    1.000050800102));
#1238 = LINE('',#1239,#1240);
#1239 = CARTESIAN_POINT('',(-14.6863189524,-5.895865783595,
    1.000050800102));
#1240 = VECTOR('',#1241,1.);
#1241 = DIRECTION('',(-0.707106781187,-0.707106781187,0.));
#1242 = ORIENTED_EDGE('',*,*,#1243,.F.);
#1243 = EDGE_CURVE('',#1244,#1236,#1246,.T.);
#1244 = VERTEX_POINT('',#1245);
#1245 = CARTESIAN_POINT('',(-14.6863189524,-4.481648629112,
    1.000050800102));
#1246 = CIRCLE('',#1247,1.000002540005);
#1247 = AXIS2_PLACEMENT_3D('',#1248,#1249,#1250);
#1248 = CARTESIAN_POINT('',(-15.39342752964,-5.188757206353,
    1.000050800102));
#1249 = DIRECTION('',(0.,0.,-1.));
#1250 = DIRECTION('',(0.707106781187,0.707106781187,0.));
#1251 = ORIENTED_EDGE('',*,*,#1252,.F.);
#1252 = EDGE_CURVE('',#1253,#1244,#1255,.T.);
#1253 = VERTEX_POINT('',#1254);
#1254 = CARTESIAN_POINT('',(-16.10053610688,-4.481648629112,
    1.000050800102));
#1255 = CIRCLE('',#1256,1.000002540005);
#1256 = AXIS2_PLACEMENT_3D('',#1257,#1258,#1259);
#1257 = CARTESIAN_POINT('',(-15.39342752964,-5.188757206353,
    1.000050800102));
#1258 = DIRECTION('',(0.,0.,-1.));
#1259 = DIRECTION('',(-0.707106781187,0.707106781187,0.));
#1260 = ORIENTED_EDGE('',*,*,#1261,.F.);
#1261 = EDGE_CURVE('',#1218,#1253,#1262,.T.);
#1262 = LINE('',#1263,#1264);
#1263 = CARTESIAN_POINT('',(-25.29294222286,-13.67405474508,
    1.000050800102));
#1264 = VECTOR('',#1265,1.);
#1265 = DIRECTION('',(0.707106781187,0.707106781187,0.));
#1266 = FACE_BOUND('',#1267,.F.);
#1267 = EDGE_LOOP('',(#1268,#1279,#1288,#1296,#1305,#1314));
#1268 = ORIENTED_EDGE('',*,*,#1269,.F.);
#1269 = EDGE_CURVE('',#1270,#1272,#1274,.T.);
#1270 = VERTEX_POINT('',#1271);
#1271 = CARTESIAN_POINT('',(-26.29294476286,-10.10805599913,
    1.000050800102));
#1272 = VERTEX_POINT('',#1273);
#1273 = CARTESIAN_POINT('',(-26.29294476286,-8.693838844653,
    1.000050800102));
#1274 = CIRCLE('',#1275,1.000002540005);
#1275 = AXIS2_PLACEMENT_3D('',#1276,#1277,#1278);
#1276 = CARTESIAN_POINT('',(-25.58583618562,-9.400947421895,
    1.000050800102));
#1277 = DIRECTION('',(0.,0.,-1.));
#1278 = DIRECTION('',(-0.707106781187,-0.707106781187,-0.));
#1279 = ORIENTED_EDGE('',*,*,#1280,.F.);
#1280 = EDGE_CURVE('',#1281,#1270,#1283,.T.);
#1281 = VERTEX_POINT('',#1282);
#1282 = CARTESIAN_POINT('',(-24.87872760838,-10.10805599913,
    1.000050800102));
#1283 = CIRCLE('',#1284,1.000002540005);
#1284 = AXIS2_PLACEMENT_3D('',#1285,#1286,#1287);
#1285 = CARTESIAN_POINT('',(-25.58583618562,-9.400947421895,
    1.000050800102));
#1286 = DIRECTION('',(-0.,0.,-1.));
#1287 = DIRECTION('',(0.707106781187,-0.707106781187,-0.));
#1288 = ORIENTED_EDGE('',*,*,#1289,.F.);
#1289 = EDGE_CURVE('',#1290,#1281,#1292,.T.);
#1290 = VERTEX_POINT('',#1291);
#1291 = CARTESIAN_POINT('',(-19.22186258256,-4.451190973315,
    1.000050800102));
#1292 = LINE('',#1293,#1294);
#1293 = CARTESIAN_POINT('',(-19.22186258256,-4.451190973315,
    1.000050800102));
#1294 = VECTOR('',#1295,1.);
#1295 = DIRECTION('',(-0.707106781187,-0.707106781187,0.));
#1296 = ORIENTED_EDGE('',*,*,#1297,.F.);
#1297 = EDGE_CURVE('',#1298,#1290,#1300,.T.);
#1298 = VERTEX_POINT('',#1299);
#1299 = CARTESIAN_POINT('',(-19.22186258256,-3.036973818832,
    1.000050800102));
#1300 = CIRCLE('',#1301,1.000002540005);
#1301 = AXIS2_PLACEMENT_3D('',#1302,#1303,#1304);
#1302 = CARTESIAN_POINT('',(-19.9289711598,-3.744082396074,
    1.000050800102));
#1303 = DIRECTION('',(0.,0.,-1.));
#1304 = DIRECTION('',(0.707106781187,0.707106781187,0.));
#1305 = ORIENTED_EDGE('',*,*,#1306,.F.);
#1306 = EDGE_CURVE('',#1307,#1298,#1309,.T.);
#1307 = VERTEX_POINT('',#1308);
#1308 = CARTESIAN_POINT('',(-20.63607973704,-3.036973818832,
    1.000050800102));
#1309 = CIRCLE('',#1310,1.000002540005);
#1310 = AXIS2_PLACEMENT_3D('',#1311,#1312,#1313);
#1311 = CARTESIAN_POINT('',(-19.9289711598,-3.744082396074,
    1.000050800102));
#1312 = DIRECTION('',(0.,0.,-1.));
#1313 = DIRECTION('',(-0.707106781187,0.707106781187,0.));
#1314 = ORIENTED_EDGE('',*,*,#1315,.F.);
#1315 = EDGE_CURVE('',#1272,#1307,#1316,.T.);
#1316 = LINE('',#1317,#1318);
#1317 = CARTESIAN_POINT('',(-26.29294476286,-8.693838844653,
    1.000050800102));
#1318 = VECTOR('',#1319,1.);
#1319 = DIRECTION('',(0.707106781187,0.707106781187,0.));
#1320 = PLANE('',#1321);
#1321 = AXIS2_PLACEMENT_3D('',#1322,#1323,#1324);
#1322 = CARTESIAN_POINT('',(-13.57924351793,-16.5055850558,
    1.000050800102));
#1323 = DIRECTION('',(-0.,-0.,-1.));
#1324 = DIRECTION('',(-1.,0.,0.));
#1325 = ADVANCED_FACE('',(#1326),#1337,.T.);
#1326 = FACE_BOUND('',#1327,.T.);
#1327 = EDGE_LOOP('',(#1328,#1334,#1335,#1336));
#1328 = ORIENTED_EDGE('',*,*,#1329,.T.);
#1329 = EDGE_CURVE('',#306,#898,#1330,.T.);
#1330 = LINE('',#1331,#1332);
#1331 = CARTESIAN_POINT('',(-29.98736093472,-27.08927101918,0.));
#1332 = VECTOR('',#1333,1.);
#1333 = DIRECTION('',(0.,0.,1.));
#1334 = ORIENTED_EDGE('',*,*,#906,.T.);
#1335 = ORIENTED_EDGE('',*,*,#79,.F.);
#1336 = ORIENTED_EDGE('',*,*,#314,.F.);
#1337 = PLANE('',#1338);
#1338 = AXIS2_PLACEMENT_3D('',#1339,#1340,#1341);
#1339 = CARTESIAN_POINT('',(-29.98736093472,-27.08927101918,0.));
#1340 = DIRECTION('',(-1.,5.112647239724E-16,0.));
#1341 = DIRECTION('',(5.112647239724E-16,1.,0.));
#1342 = ADVANCED_FACE('',(#1343),#1354,.T.);
#1343 = FACE_BOUND('',#1344,.T.);
#1344 = EDGE_LOOP('',(#1345,#1346,#1347,#1353));
#1345 = ORIENTED_EDGE('',*,*,#122,.T.);
#1346 = ORIENTED_EDGE('',*,*,#739,.T.);
#1347 = ORIENTED_EDGE('',*,*,#1348,.F.);
#1348 = EDGE_CURVE('',#148,#740,#1349,.T.);
#1349 = LINE('',#1350,#1351);
#1350 = CARTESIAN_POINT('',(-1.270002540005E-02,-1.270002540005E-02,0.)
  );
#1351 = VECTOR('',#1352,1.);
#1352 = DIRECTION('',(0.,0.,1.));
#1353 = ORIENTED_EDGE('',*,*,#147,.F.);
#1354 = PLANE('',#1355);
#1355 = AXIS2_PLACEMENT_3D('',#1356,#1357,#1358);
#1356 = CARTESIAN_POINT('',(-23.75740919053,-1.270002540005E-02,0.));
#1357 = DIRECTION('',(6.195255951117E-17,1.,-0.));
#1358 = DIRECTION('',(1.,-6.195255951117E-17,0.));
#1359 = ADVANCED_FACE('',(#1360),#1371,.T.);
#1360 = FACE_BOUND('',#1361,.T.);
#1361 = EDGE_LOOP('',(#1362,#1368,#1369,#1370));
#1362 = ORIENTED_EDGE('',*,*,#1363,.T.);
#1363 = EDGE_CURVE('',#298,#890,#1364,.T.);
#1364 = LINE('',#1365,#1366);
#1365 = CARTESIAN_POINT('',(-27.7625799451,-29.97761907878,0.));
#1366 = VECTOR('',#1367,1.);
#1367 = DIRECTION('',(0.,0.,1.));
#1368 = ORIENTED_EDGE('',*,*,#897,.T.);
#1369 = ORIENTED_EDGE('',*,*,#1329,.F.);
#1370 = ORIENTED_EDGE('',*,*,#305,.F.);
#1371 = CYLINDRICAL_SURFACE('',#1372,2.987306200931);
#1372 = AXIS2_PLACEMENT_3D('',#1373,#1374,#1375);
#1373 = CARTESIAN_POINT('',(-27.00005473379,-27.08927117033,0.));
#1374 = DIRECTION('',(0.,0.,-1.));
#1375 = DIRECTION('',(-0.25525512285,-0.966873736461,-0.));
#1376 = ADVANCED_FACE('',(#1377),#1388,.T.);
#1377 = FACE_BOUND('',#1378,.T.);
#1378 = EDGE_LOOP('',(#1379,#1380,#1381,#1387));
#1379 = ORIENTED_EDGE('',*,*,#1348,.T.);
#1380 = ORIENTED_EDGE('',*,*,#747,.T.);
#1381 = ORIENTED_EDGE('',*,*,#1382,.F.);
#1382 = EDGE_CURVE('',#156,#748,#1383,.T.);
#1383 = LINE('',#1384,#1385);
#1384 = CARTESIAN_POINT('',(-1.270002540005E-02,-2.70000508001,0.));
#1385 = VECTOR('',#1386,1.);
#1386 = DIRECTION('',(0.,0.,1.));
#1387 = ORIENTED_EDGE('',*,*,#155,.F.);
#1388 = PLANE('',#1389);
#1389 = AXIS2_PLACEMENT_3D('',#1390,#1391,#1392);
#1390 = CARTESIAN_POINT('',(-1.270002540005E-02,-1.270002540005E-02,0.)
  );
#1391 = DIRECTION('',(1.,6.132490613043E-17,-0.));
#1392 = DIRECTION('',(6.132490613043E-17,-1.,0.));
#1393 = ADVANCED_FACE('',(#1394),#1405,.T.);
#1394 = FACE_BOUND('',#1395,.T.);
#1395 = EDGE_LOOP('',(#1396,#1402,#1403,#1404));
#1396 = ORIENTED_EDGE('',*,*,#1397,.T.);
#1397 = EDGE_CURVE('',#289,#881,#1398,.T.);
#1398 = LINE('',#1399,#1400);
#1399 = CARTESIAN_POINT('',(-6.252026239818,-35.65640495217,0.));
#1400 = VECTOR('',#1401,1.);
#1401 = DIRECTION('',(0.,0.,1.));
#1402 = ORIENTED_EDGE('',*,*,#889,.T.);
#1403 = ORIENTED_EDGE('',*,*,#1363,.F.);
#1404 = ORIENTED_EDGE('',*,*,#297,.F.);
#1405 = PLANE('',#1406);
#1406 = AXIS2_PLACEMENT_3D('',#1407,#1408,#1409);
#1407 = CARTESIAN_POINT('',(-6.252026239818,-35.65640495217,0.));
#1408 = DIRECTION('',(-0.255254683356,-0.966873852488,0.));
#1409 = DIRECTION('',(-0.966873852488,0.255254683356,0.));
#1410 = ADVANCED_FACE('',(#1411),#1422,.F.);
#1411 = FACE_BOUND('',#1412,.T.);
#1412 = EDGE_LOOP('',(#1413,#1414,#1415,#1421));
#1413 = ORIENTED_EDGE('',*,*,#1382,.T.);
#1414 = ORIENTED_EDGE('',*,*,#755,.T.);
#1415 = ORIENTED_EDGE('',*,*,#1416,.F.);
#1416 = EDGE_CURVE('',#164,#756,#1417,.T.);
#1417 = LINE('',#1418,#1419);
#1418 = CARTESIAN_POINT('',(-1.978856345356E-17,-2.71270510541,0.));
#1419 = VECTOR('',#1420,1.);
#1420 = DIRECTION('',(0.,0.,1.));
#1421 = ORIENTED_EDGE('',*,*,#163,.F.);
#1422 = CYLINDRICAL_SURFACE('',#1423,1.270002540005E-02);
#1423 = AXIS2_PLACEMENT_3D('',#1424,#1425,#1426);
#1424 = CARTESIAN_POINT('',(8.890457814381E-17,-2.70000508001,0.));
#1425 = DIRECTION('',(-0.,-0.,-1.));
#1426 = DIRECTION('',(-1.,-5.022431382993E-15,0.));
#1427 = ADVANCED_FACE('',(#1428),#1439,.T.);
#1428 = FACE_BOUND('',#1429,.T.);
#1429 = EDGE_LOOP('',(#1430,#1436,#1437,#1438));
#1430 = ORIENTED_EDGE('',*,*,#1431,.T.);
#1431 = EDGE_CURVE('',#281,#873,#1432,.T.);
#1432 = LINE('',#1433,#1434);
#1433 = CARTESIAN_POINT('',(-5.01271018542,-34.70180595933,0.));
#1434 = VECTOR('',#1435,1.);
#1435 = DIRECTION('',(0.,0.,1.));
#1436 = ORIENTED_EDGE('',*,*,#880,.T.);
#1437 = ORIENTED_EDGE('',*,*,#1397,.F.);
#1438 = ORIENTED_EDGE('',*,*,#288,.F.);
#1439 = CYLINDRICAL_SURFACE('',#1440,0.987303108479);
#1440 = AXIS2_PLACEMENT_3D('',#1441,#1442,#1443);
#1441 = CARTESIAN_POINT('',(-6.000013293898,-34.70180718185,0.));
#1442 = DIRECTION('',(0.,0.,-1.));
#1443 = DIRECTION('',(0.999999999999,1.238243006783E-06,0.));
#1444 = ADVANCED_FACE('',(#1445),#1456,.T.);
#1445 = FACE_BOUND('',#1446,.T.);
#1446 = EDGE_LOOP('',(#1447,#1448,#1449,#1455));
#1447 = ORIENTED_EDGE('',*,*,#1416,.T.);
#1448 = ORIENTED_EDGE('',*,*,#764,.T.);
#1449 = ORIENTED_EDGE('',*,*,#1450,.F.);
#1450 = EDGE_CURVE('',#173,#765,#1451,.T.);
#1451 = LINE('',#1452,#1453);
#1452 = CARTESIAN_POINT('',(0.987302514605,-2.71270510541,0.));
#1453 = VECTOR('',#1454,1.);
#1454 = DIRECTION('',(0.,0.,1.));
#1455 = ORIENTED_EDGE('',*,*,#172,.F.);
#1456 = PLANE('',#1457);
#1457 = AXIS2_PLACEMENT_3D('',#1458,#1459,#1460);
#1458 = CARTESIAN_POINT('',(-1.947076727966E-17,-2.71270510541,0.));
#1459 = DIRECTION('',(0.,1.,0.));
#1460 = DIRECTION('',(1.,0.,0.));
#1461 = ADVANCED_FACE('',(#1462),#1473,.T.);
#1462 = FACE_BOUND('',#1463,.T.);
#1463 = EDGE_LOOP('',(#1464,#1470,#1471,#1472));
#1464 = ORIENTED_EDGE('',*,*,#1465,.T.);
#1465 = EDGE_CURVE('',#272,#864,#1466,.T.);
#1466 = LINE('',#1467,#1468);
#1467 = CARTESIAN_POINT('',(-5.01271018542,-31.90006350012,0.));
#1468 = VECTOR('',#1469,1.);
#1469 = DIRECTION('',(0.,0.,1.));
#1470 = ORIENTED_EDGE('',*,*,#872,.T.);
#1471 = ORIENTED_EDGE('',*,*,#1431,.F.);
#1472 = ORIENTED_EDGE('',*,*,#280,.F.);
#1473 = PLANE('',#1474);
#1474 = AXIS2_PLACEMENT_3D('',#1475,#1476,#1477);
#1475 = CARTESIAN_POINT('',(-5.01271018542,-31.90006350012,0.));
#1476 = DIRECTION('',(1.,3.170093014011E-15,-0.));
#1477 = DIRECTION('',(3.170093014011E-15,-1.,0.));
#1478 = ADVANCED_FACE('',(#1479),#1490,.T.);
#1479 = FACE_BOUND('',#1480,.T.);
#1480 = EDGE_LOOP('',(#1481,#1482,#1483,#1489));
#1481 = ORIENTED_EDGE('',*,*,#1450,.T.);
#1482 = ORIENTED_EDGE('',*,*,#772,.T.);
#1483 = ORIENTED_EDGE('',*,*,#1484,.F.);
#1484 = EDGE_CURVE('',#181,#773,#1485,.T.);
#1485 = LINE('',#1486,#1487);
#1486 = CARTESIAN_POINT('',(0.987302514605,-5.68731013462,0.));
#1487 = VECTOR('',#1488,1.);
#1488 = DIRECTION('',(0.,0.,1.));
#1489 = ORIENTED_EDGE('',*,*,#180,.F.);
#1490 = PLANE('',#1491);
#1491 = AXIS2_PLACEMENT_3D('',#1492,#1493,#1494);
#1492 = CARTESIAN_POINT('',(0.987302514605,-2.71270510541,0.));
#1493 = DIRECTION('',(1.,3.732337617005E-17,-0.));
#1494 = DIRECTION('',(3.732337617005E-17,-1.,0.));
#1495 = ADVANCED_FACE('',(#1496),#1507,.F.);
#1496 = FACE_BOUND('',#1497,.T.);
#1497 = EDGE_LOOP('',(#1498,#1504,#1505,#1506));
#1498 = ORIENTED_EDGE('',*,*,#1499,.T.);
#1499 = EDGE_CURVE('',#264,#856,#1500,.T.);
#1500 = LINE('',#1501,#1502);
#1501 = CARTESIAN_POINT('',(-2.50000508001,-29.38735839471,0.));
#1502 = VECTOR('',#1503,1.);
#1503 = DIRECTION('',(0.,0.,1.));
#1504 = ORIENTED_EDGE('',*,*,#863,.T.);
#1505 = ORIENTED_EDGE('',*,*,#1465,.F.);
#1506 = ORIENTED_EDGE('',*,*,#271,.F.);
#1507 = CYLINDRICAL_SURFACE('',#1508,2.51270510541);
#1508 = AXIS2_PLACEMENT_3D('',#1509,#1510,#1511);
#1509 = CARTESIAN_POINT('',(-2.50000508001,-31.90006350012,0.));
#1510 = DIRECTION('',(-0.,-0.,-1.));
#1511 = DIRECTION('',(-2.062042657732E-15,1.,0.));
#1512 = ADVANCED_FACE('',(#1513),#1524,.T.);
#1513 = FACE_BOUND('',#1514,.T.);
#1514 = EDGE_LOOP('',(#1515,#1516,#1517,#1523));
#1515 = ORIENTED_EDGE('',*,*,#1484,.T.);
#1516 = ORIENTED_EDGE('',*,*,#780,.T.);
#1517 = ORIENTED_EDGE('',*,*,#1518,.F.);
#1518 = EDGE_CURVE('',#189,#781,#1519,.T.);
#1519 = LINE('',#1520,#1521);
#1520 = CARTESIAN_POINT('',(-5.589703250522E-19,-5.68731013462,0.));
#1521 = VECTOR('',#1522,1.);
#1522 = DIRECTION('',(0.,0.,1.));
#1523 = ORIENTED_EDGE('',*,*,#188,.F.);
#1524 = PLANE('',#1525);
#1525 = AXIS2_PLACEMENT_3D('',#1526,#1527,#1528);
#1526 = CARTESIAN_POINT('',(0.987302514605,-5.68731013462,0.));
#1527 = DIRECTION('',(0.,-1.,0.));
#1528 = DIRECTION('',(-1.,0.,0.));
#1529 = ADVANCED_FACE('',(#1530),#1541,.T.);
#1530 = FACE_BOUND('',#1531,.T.);
#1531 = EDGE_LOOP('',(#1532,#1538,#1539,#1540));
#1532 = ORIENTED_EDGE('',*,*,#1533,.T.);
#1533 = EDGE_CURVE('',#256,#848,#1534,.T.);
#1534 = LINE('',#1535,#1536);
#1535 = CARTESIAN_POINT('',(-1.270002540005E-02,-29.38735839471,0.));
#1536 = VECTOR('',#1537,1.);
#1537 = DIRECTION('',(0.,0.,1.));
#1538 = ORIENTED_EDGE('',*,*,#855,.T.);
#1539 = ORIENTED_EDGE('',*,*,#1499,.F.);
#1540 = ORIENTED_EDGE('',*,*,#263,.F.);
#1541 = PLANE('',#1542);
#1542 = AXIS2_PLACEMENT_3D('',#1543,#1544,#1545);
#1543 = CARTESIAN_POINT('',(-1.270002540005E-02,-29.38735839471,0.));
#1544 = DIRECTION('',(0.,-1.,0.));
#1545 = DIRECTION('',(-1.,0.,0.));
#1546 = ADVANCED_FACE('',(#1547),#1558,.F.);
#1547 = FACE_BOUND('',#1548,.T.);
#1548 = EDGE_LOOP('',(#1549,#1550,#1551,#1557));
#1549 = ORIENTED_EDGE('',*,*,#1518,.T.);
#1550 = ORIENTED_EDGE('',*,*,#788,.T.);
#1551 = ORIENTED_EDGE('',*,*,#1552,.F.);
#1552 = EDGE_CURVE('',#197,#789,#1553,.T.);
#1553 = LINE('',#1554,#1555);
#1554 = CARTESIAN_POINT('',(-1.270002540005E-02,-5.70001016002,0.));
#1555 = VECTOR('',#1556,1.);
#1556 = DIRECTION('',(0.,0.,1.));
#1557 = ORIENTED_EDGE('',*,*,#196,.F.);
#1558 = CYLINDRICAL_SURFACE('',#1559,1.270002540005E-02);
#1559 = AXIS2_PLACEMENT_3D('',#1560,#1561,#1562);
#1560 = CARTESIAN_POINT('',(3.766855652099E-16,-5.70001016002,0.));
#1561 = DIRECTION('',(-0.,-0.,-1.));
#1562 = DIRECTION('',(-2.974824742234E-14,1.,0.));
#1563 = ADVANCED_FACE('',(#1564),#1575,.T.);
#1564 = FACE_BOUND('',#1565,.T.);
#1565 = EDGE_LOOP('',(#1566,#1572,#1573,#1574));
#1566 = ORIENTED_EDGE('',*,*,#1567,.T.);
#1567 = EDGE_CURVE('',#247,#839,#1568,.T.);
#1568 = LINE('',#1569,#1570);
#1569 = CARTESIAN_POINT('',(-1.270002540005E-02,-26.7000533401,0.));
#1570 = VECTOR('',#1571,1.);
#1571 = DIRECTION('',(0.,0.,1.));
#1572 = ORIENTED_EDGE('',*,*,#847,.T.);
#1573 = ORIENTED_EDGE('',*,*,#1533,.F.);
#1574 = ORIENTED_EDGE('',*,*,#255,.F.);
#1575 = PLANE('',#1576);
#1576 = AXIS2_PLACEMENT_3D('',#1577,#1578,#1579);
#1577 = CARTESIAN_POINT('',(-1.270002540005E-02,-26.7000533401,0.));
#1578 = DIRECTION('',(1.,6.003385547505E-17,-0.));
#1579 = DIRECTION('',(6.003385547505E-17,-1.,0.));
#1580 = ADVANCED_FACE('',(#1581),#1592,.T.);
#1581 = FACE_BOUND('',#1582,.T.);
#1582 = EDGE_LOOP('',(#1583,#1584,#1585,#1591));
#1583 = ORIENTED_EDGE('',*,*,#1552,.T.);
#1584 = ORIENTED_EDGE('',*,*,#797,.T.);
#1585 = ORIENTED_EDGE('',*,*,#1586,.F.);
#1586 = EDGE_CURVE('',#206,#798,#1587,.T.);
#1587 = LINE('',#1588,#1589);
#1588 = CARTESIAN_POINT('',(-1.270002540005E-02,-23.70004826009,0.));
#1589 = VECTOR('',#1590,1.);
#1590 = DIRECTION('',(0.,0.,1.));
#1591 = ORIENTED_EDGE('',*,*,#205,.F.);
#1592 = PLANE('',#1593);
#1593 = AXIS2_PLACEMENT_3D('',#1594,#1595,#1596);
#1594 = CARTESIAN_POINT('',(-1.270002540005E-02,-5.70001016002,0.));
#1595 = DIRECTION('',(1.,6.119705975737E-17,-0.));
#1596 = DIRECTION('',(6.119705975737E-17,-1.,0.));
#1597 = ADVANCED_FACE('',(#1598),#1609,.F.);
#1598 = FACE_BOUND('',#1599,.T.);
#1599 = EDGE_LOOP('',(#1600,#1606,#1607,#1608));
#1600 = ORIENTED_EDGE('',*,*,#1601,.T.);
#1601 = EDGE_CURVE('',#239,#831,#1602,.T.);
#1602 = LINE('',#1603,#1604);
#1603 = CARTESIAN_POINT('',(0.,-26.6873533147,0.));
#1604 = VECTOR('',#1605,1.);
#1605 = DIRECTION('',(0.,0.,1.));
#1606 = ORIENTED_EDGE('',*,*,#838,.T.);
#1607 = ORIENTED_EDGE('',*,*,#1567,.F.);
#1608 = ORIENTED_EDGE('',*,*,#246,.F.);
#1609 = CYLINDRICAL_SURFACE('',#1610,1.270002540005E-02);
#1610 = AXIS2_PLACEMENT_3D('',#1611,#1612,#1613);
#1611 = CARTESIAN_POINT('',(-6.607888384392E-17,-26.7000533401,0.));
#1612 = DIRECTION('',(-0.,-0.,-1.));
#1613 = DIRECTION('',(5.215601820801E-15,1.,-0.));
#1614 = ADVANCED_FACE('',(#1615),#1626,.F.);
#1615 = FACE_BOUND('',#1616,.T.);
#1616 = EDGE_LOOP('',(#1617,#1618,#1619,#1625));
#1617 = ORIENTED_EDGE('',*,*,#1586,.T.);
#1618 = ORIENTED_EDGE('',*,*,#805,.T.);
#1619 = ORIENTED_EDGE('',*,*,#1620,.F.);
#1620 = EDGE_CURVE('',#214,#806,#1621,.T.);
#1621 = LINE('',#1622,#1623);
#1622 = CARTESIAN_POINT('',(-2.41910301887E-18,-23.71274828549,0.));
#1623 = VECTOR('',#1624,1.);
#1624 = DIRECTION('',(0.,0.,1.));
#1625 = ORIENTED_EDGE('',*,*,#213,.F.);
#1626 = CYLINDRICAL_SURFACE('',#1627,1.270002540005E-02);
#1627 = AXIS2_PLACEMENT_3D('',#1628,#1629,#1630);
#1628 = CARTESIAN_POINT('',(7.598088824778E-16,-23.70004826009,0.));
#1629 = DIRECTION('',(-0.,-0.,-1.));
#1630 = DIRECTION('',(-1.,1.622631677583E-14,0.));
#1631 = ADVANCED_FACE('',(#1632),#1643,.T.);
#1632 = FACE_BOUND('',#1633,.T.);
#1633 = EDGE_LOOP('',(#1634,#1640,#1641,#1642));
#1634 = ORIENTED_EDGE('',*,*,#1635,.T.);
#1635 = EDGE_CURVE('',#231,#823,#1636,.T.);
#1636 = LINE('',#1637,#1638);
#1637 = CARTESIAN_POINT('',(0.987302514605,-26.6873533147,0.));
#1638 = VECTOR('',#1639,1.);
#1639 = DIRECTION('',(0.,0.,1.));
#1640 = ORIENTED_EDGE('',*,*,#830,.T.);
#1641 = ORIENTED_EDGE('',*,*,#1601,.F.);
#1642 = ORIENTED_EDGE('',*,*,#238,.F.);
#1643 = PLANE('',#1644);
#1644 = AXIS2_PLACEMENT_3D('',#1645,#1646,#1647);
#1645 = CARTESIAN_POINT('',(0.987302514605,-26.6873533147,0.));
#1646 = DIRECTION('',(0.,-1.,0.));
#1647 = DIRECTION('',(-1.,0.,0.));
#1648 = ADVANCED_FACE('',(#1649),#1660,.T.);
#1649 = FACE_BOUND('',#1650,.T.);
#1650 = EDGE_LOOP('',(#1651,#1652,#1653,#1659));
#1651 = ORIENTED_EDGE('',*,*,#1620,.T.);
#1652 = ORIENTED_EDGE('',*,*,#814,.T.);
#1653 = ORIENTED_EDGE('',*,*,#1654,.F.);
#1654 = EDGE_CURVE('',#223,#815,#1655,.T.);
#1655 = LINE('',#1656,#1657);
#1656 = CARTESIAN_POINT('',(0.987302514605,-23.71274828549,0.));
#1657 = VECTOR('',#1658,1.);
#1658 = DIRECTION('',(0.,0.,1.));
#1659 = ORIENTED_EDGE('',*,*,#222,.F.);
#1660 = PLANE('',#1661);
#1661 = AXIS2_PLACEMENT_3D('',#1662,#1663,#1664);
#1662 = CARTESIAN_POINT('',(-2.260297576149E-18,-23.71274828549,0.));
#1663 = DIRECTION('',(3.598404365679E-15,1.,-0.));
#1664 = DIRECTION('',(1.,-3.598404365679E-15,0.));
#1665 = ADVANCED_FACE('',(#1666),#1672,.T.);
#1666 = FACE_BOUND('',#1667,.T.);
#1667 = EDGE_LOOP('',(#1668,#1669,#1670,#1671));
#1668 = ORIENTED_EDGE('',*,*,#1654,.T.);
#1669 = ORIENTED_EDGE('',*,*,#822,.T.);
#1670 = ORIENTED_EDGE('',*,*,#1635,.F.);
#1671 = ORIENTED_EDGE('',*,*,#230,.F.);
#1672 = PLANE('',#1673);
#1673 = AXIS2_PLACEMENT_3D('',#1674,#1675,#1676);
#1674 = CARTESIAN_POINT('',(0.987302514605,-23.71274828549,0.));
#1675 = DIRECTION('',(1.,3.732337617005E-17,-0.));
#1676 = DIRECTION('',(3.732337617005E-17,-1.,0.));
#1677 = ADVANCED_FACE('',(#1678),#1694,.F.);
#1678 = FACE_BOUND('',#1679,.F.);
#1679 = EDGE_LOOP('',(#1680,#1686,#1687,#1693));
#1680 = ORIENTED_EDGE('',*,*,#1681,.T.);
#1681 = EDGE_CURVE('',#324,#916,#1682,.T.);
#1682 = LINE('',#1683,#1684);
#1683 = CARTESIAN_POINT('',(-8.00001524003,-28.40005588011,0.));
#1684 = VECTOR('',#1685,1.);
#1685 = DIRECTION('',(0.,0.,1.));
#1686 = ORIENTED_EDGE('',*,*,#915,.T.);
#1687 = ORIENTED_EDGE('',*,*,#1688,.F.);
#1688 = EDGE_CURVE('',#326,#918,#1689,.T.);
#1689 = LINE('',#1690,#1691);
#1690 = CARTESIAN_POINT('',(-5.00001016002,-28.40005588011,0.));
#1691 = VECTOR('',#1692,1.);
#1692 = DIRECTION('',(0.,0.,1.));
#1693 = ORIENTED_EDGE('',*,*,#323,.F.);
#1694 = PLANE('',#1695);
#1695 = AXIS2_PLACEMENT_3D('',#1696,#1697,#1698);
#1696 = CARTESIAN_POINT('',(-8.00001524003,-28.40005588011,0.));
#1697 = DIRECTION('',(0.,1.,0.));
#1698 = DIRECTION('',(1.,0.,0.));
#1699 = ADVANCED_FACE('',(#1700),#1711,.F.);
#1700 = FACE_BOUND('',#1701,.F.);
#1701 = EDGE_LOOP('',(#1702,#1703,#1704,#1710));
#1702 = ORIENTED_EDGE('',*,*,#1688,.T.);
#1703 = ORIENTED_EDGE('',*,*,#941,.T.);
#1704 = ORIENTED_EDGE('',*,*,#1705,.F.);
#1705 = EDGE_CURVE('',#342,#934,#1706,.T.);
#1706 = LINE('',#1707,#1708);
#1707 = CARTESIAN_POINT('',(-5.00001016002,-29.40005842011,0.));
#1708 = VECTOR('',#1709,1.);
#1709 = DIRECTION('',(0.,0.,1.));
#1710 = ORIENTED_EDGE('',*,*,#349,.F.);
#1711 = PLANE('',#1712);
#1712 = AXIS2_PLACEMENT_3D('',#1713,#1714,#1715);
#1713 = CARTESIAN_POINT('',(-5.00001016002,-28.40005588011,0.));
#1714 = DIRECTION('',(1.,0.,-0.));
#1715 = DIRECTION('',(0.,-1.,0.));
#1716 = ADVANCED_FACE('',(#1717),#1728,.F.);
#1717 = FACE_BOUND('',#1718,.F.);
#1718 = EDGE_LOOP('',(#1719,#1720,#1721,#1727));
#1719 = ORIENTED_EDGE('',*,*,#1705,.T.);
#1720 = ORIENTED_EDGE('',*,*,#933,.T.);
#1721 = ORIENTED_EDGE('',*,*,#1722,.F.);
#1722 = EDGE_CURVE('',#334,#926,#1723,.T.);
#1723 = LINE('',#1724,#1725);
#1724 = CARTESIAN_POINT('',(-8.00001524003,-29.40005842011,0.));
#1725 = VECTOR('',#1726,1.);
#1726 = DIRECTION('',(0.,0.,1.));
#1727 = ORIENTED_EDGE('',*,*,#341,.F.);
#1728 = PLANE('',#1729);
#1729 = AXIS2_PLACEMENT_3D('',#1730,#1731,#1732);
#1730 = CARTESIAN_POINT('',(-5.00001016002,-29.40005842011,0.));
#1731 = DIRECTION('',(0.,-1.,0.));
#1732 = DIRECTION('',(-1.,0.,0.));
#1733 = ADVANCED_FACE('',(#1734),#1740,.F.);
#1734 = FACE_BOUND('',#1735,.F.);
#1735 = EDGE_LOOP('',(#1736,#1737,#1738,#1739));
#1736 = ORIENTED_EDGE('',*,*,#1722,.T.);
#1737 = ORIENTED_EDGE('',*,*,#925,.T.);
#1738 = ORIENTED_EDGE('',*,*,#1681,.F.);
#1739 = ORIENTED_EDGE('',*,*,#333,.F.);
#1740 = PLANE('',#1741);
#1741 = AXIS2_PLACEMENT_3D('',#1742,#1743,#1744);
#1742 = CARTESIAN_POINT('',(-8.00001524003,-29.40005842011,0.));
#1743 = DIRECTION('',(-1.,0.,0.));
#1744 = DIRECTION('',(0.,1.,0.));
#1745 = ADVANCED_FACE('',(#1746),#1762,.F.);
#1746 = FACE_BOUND('',#1747,.F.);
#1747 = EDGE_LOOP('',(#1748,#1754,#1755,#1761));
#1748 = ORIENTED_EDGE('',*,*,#1749,.T.);
#1749 = EDGE_CURVE('',#358,#950,#1750,.T.);
#1750 = LINE('',#1751,#1752);
#1751 = CARTESIAN_POINT('',(-17.00003302006,-26.2500533401,0.));
#1752 = VECTOR('',#1753,1.);
#1753 = DIRECTION('',(0.,0.,1.));
#1754 = ORIENTED_EDGE('',*,*,#949,.T.);
#1755 = ORIENTED_EDGE('',*,*,#1756,.F.);
#1756 = EDGE_CURVE('',#360,#952,#1757,.T.);
#1757 = LINE('',#1758,#1759);
#1758 = CARTESIAN_POINT('',(-16.00003048006,-25.2500508001,0.));
#1759 = VECTOR('',#1760,1.);
#1760 = DIRECTION('',(0.,0.,1.));
#1761 = ORIENTED_EDGE('',*,*,#357,.F.);
#1762 = CYLINDRICAL_SURFACE('',#1763,1.000002540005);
#1763 = AXIS2_PLACEMENT_3D('',#1764,#1765,#1766);
#1764 = CARTESIAN_POINT('',(-16.00003048006,-26.2500533401,0.));
#1765 = DIRECTION('',(0.,0.,-1.));
#1766 = DIRECTION('',(-1.,-4.239238870758E-15,-0.));
#1767 = ADVANCED_FACE('',(#1768),#1779,.F.);
#1768 = FACE_BOUND('',#1769,.F.);
#1769 = EDGE_LOOP('',(#1770,#1771,#1772,#1778));
#1770 = ORIENTED_EDGE('',*,*,#1756,.T.);
#1771 = ORIENTED_EDGE('',*,*,#1011,.T.);
#1772 = ORIENTED_EDGE('',*,*,#1773,.F.);
#1773 = EDGE_CURVE('',#411,#1003,#1774,.T.);
#1774 = LINE('',#1775,#1776);
#1775 = CARTESIAN_POINT('',(-9.000017780036,-25.2500508001,0.));
#1776 = VECTOR('',#1777,1.);
#1777 = DIRECTION('',(0.,0.,1.));
#1778 = ORIENTED_EDGE('',*,*,#419,.F.);
#1779 = PLANE('',#1780);
#1780 = AXIS2_PLACEMENT_3D('',#1781,#1782,#1783);
#1781 = CARTESIAN_POINT('',(-16.00003048006,-25.2500508001,0.));
#1782 = DIRECTION('',(-5.075296047374E-16,1.,0.));
#1783 = DIRECTION('',(1.,5.075296047374E-16,0.));
#1784 = ADVANCED_FACE('',(#1785),#1796,.F.);
#1785 = FACE_BOUND('',#1786,.F.);
#1786 = EDGE_LOOP('',(#1787,#1788,#1789,#1795));
#1787 = ORIENTED_EDGE('',*,*,#1773,.T.);
#1788 = ORIENTED_EDGE('',*,*,#1002,.T.);
#1789 = ORIENTED_EDGE('',*,*,#1790,.F.);
#1790 = EDGE_CURVE('',#403,#995,#1791,.T.);
#1791 = LINE('',#1792,#1793);
#1792 = CARTESIAN_POINT('',(-8.00001524003,-26.2500533401,0.));
#1793 = VECTOR('',#1794,1.);
#1794 = DIRECTION('',(0.,0.,1.));
#1795 = ORIENTED_EDGE('',*,*,#410,.F.);
#1796 = CYLINDRICAL_SURFACE('',#1797,1.000002540005);
#1797 = AXIS2_PLACEMENT_3D('',#1798,#1799,#1800);
#1798 = CARTESIAN_POINT('',(-9.000017780036,-26.2500533401,0.));
#1799 = DIRECTION('',(0.,0.,-1.));
#1800 = DIRECTION('',(7.850442353255E-17,1.,0.));
#1801 = ADVANCED_FACE('',(#1802),#1813,.F.);
#1802 = FACE_BOUND('',#1803,.F.);
#1803 = EDGE_LOOP('',(#1804,#1805,#1806,#1812));
#1804 = ORIENTED_EDGE('',*,*,#1790,.T.);
#1805 = ORIENTED_EDGE('',*,*,#994,.T.);
#1806 = ORIENTED_EDGE('',*,*,#1807,.F.);
#1807 = EDGE_CURVE('',#394,#986,#1808,.T.);
#1808 = LINE('',#1809,#1810);
#1809 = CARTESIAN_POINT('',(-8.00001524003,-27.55005588011,0.));
#1810 = VECTOR('',#1811,1.);
#1811 = DIRECTION('',(0.,0.,1.));
#1812 = ORIENTED_EDGE('',*,*,#402,.F.);
#1813 = PLANE('',#1814);
#1814 = AXIS2_PLACEMENT_3D('',#1815,#1816,#1817);
#1815 = CARTESIAN_POINT('',(-8.00001524003,-26.2500533401,0.));
#1816 = DIRECTION('',(1.,0.,-0.));
#1817 = DIRECTION('',(0.,-1.,0.));
#1818 = ADVANCED_FACE('',(#1819),#1830,.F.);
#1819 = FACE_BOUND('',#1820,.F.);
#1820 = EDGE_LOOP('',(#1821,#1822,#1823,#1829));
#1821 = ORIENTED_EDGE('',*,*,#1807,.T.);
#1822 = ORIENTED_EDGE('',*,*,#985,.T.);
#1823 = ORIENTED_EDGE('',*,*,#1824,.F.);
#1824 = EDGE_CURVE('',#386,#978,#1825,.T.);
#1825 = LINE('',#1826,#1827);
#1826 = CARTESIAN_POINT('',(-9.000017780036,-28.55005842011,0.));
#1827 = VECTOR('',#1828,1.);
#1828 = DIRECTION('',(0.,0.,1.));
#1829 = ORIENTED_EDGE('',*,*,#393,.F.);
#1830 = CYLINDRICAL_SURFACE('',#1831,1.000002540005);
#1831 = AXIS2_PLACEMENT_3D('',#1832,#1833,#1834);
#1832 = CARTESIAN_POINT('',(-9.000017780036,-27.55005588011,0.));
#1833 = DIRECTION('',(0.,0.,-1.));
#1834 = DIRECTION('',(1.,-7.850442353255E-17,0.));
#1835 = ADVANCED_FACE('',(#1836),#1847,.F.);
#1836 = FACE_BOUND('',#1837,.F.);
#1837 = EDGE_LOOP('',(#1838,#1839,#1840,#1846));
#1838 = ORIENTED_EDGE('',*,*,#1824,.T.);
#1839 = ORIENTED_EDGE('',*,*,#977,.T.);
#1840 = ORIENTED_EDGE('',*,*,#1841,.F.);
#1841 = EDGE_CURVE('',#377,#969,#1842,.T.);
#1842 = LINE('',#1843,#1844);
#1843 = CARTESIAN_POINT('',(-16.00003048006,-28.55005842011,0.));
#1844 = VECTOR('',#1845,1.);
#1845 = DIRECTION('',(0.,0.,1.));
#1846 = ORIENTED_EDGE('',*,*,#385,.F.);
#1847 = PLANE('',#1848);
#1848 = AXIS2_PLACEMENT_3D('',#1849,#1850,#1851);
#1849 = CARTESIAN_POINT('',(-9.000017780036,-28.55005842011,0.));
#1850 = DIRECTION('',(5.075296047374E-16,-1.,0.));
#1851 = DIRECTION('',(-1.,-5.075296047374E-16,0.));
#1852 = ADVANCED_FACE('',(#1853),#1864,.F.);
#1853 = FACE_BOUND('',#1854,.F.);
#1854 = EDGE_LOOP('',(#1855,#1856,#1857,#1863));
#1855 = ORIENTED_EDGE('',*,*,#1841,.T.);
#1856 = ORIENTED_EDGE('',*,*,#968,.T.);
#1857 = ORIENTED_EDGE('',*,*,#1858,.F.);
#1858 = EDGE_CURVE('',#369,#961,#1859,.T.);
#1859 = LINE('',#1860,#1861);
#1860 = CARTESIAN_POINT('',(-17.00003302006,-27.55005588011,0.));
#1861 = VECTOR('',#1862,1.);
#1862 = DIRECTION('',(0.,0.,1.));
#1863 = ORIENTED_EDGE('',*,*,#376,.F.);
#1864 = CYLINDRICAL_SURFACE('',#1865,1.000002540005);
#1865 = AXIS2_PLACEMENT_3D('',#1866,#1867,#1868);
#1866 = CARTESIAN_POINT('',(-16.00003048006,-27.55005588011,0.));
#1867 = DIRECTION('',(0.,0.,-1.));
#1868 = DIRECTION('',(-7.850442353255E-16,-1.,-0.));
#1869 = ADVANCED_FACE('',(#1870),#1876,.F.);
#1870 = FACE_BOUND('',#1871,.F.);
#1871 = EDGE_LOOP('',(#1872,#1873,#1874,#1875));
#1872 = ORIENTED_EDGE('',*,*,#1858,.T.);
#1873 = ORIENTED_EDGE('',*,*,#960,.T.);
#1874 = ORIENTED_EDGE('',*,*,#1749,.F.);
#1875 = ORIENTED_EDGE('',*,*,#368,.F.);
#1876 = PLANE('',#1877);
#1877 = AXIS2_PLACEMENT_3D('',#1878,#1879,#1880);
#1878 = CARTESIAN_POINT('',(-17.00003302006,-27.55005588011,0.));
#1879 = DIRECTION('',(-1.,0.,0.));
#1880 = DIRECTION('',(0.,1.,0.));
#1881 = ADVANCED_FACE('',(#1882),#1898,.F.);
#1882 = FACE_BOUND('',#1883,.F.);
#1883 = EDGE_LOOP('',(#1884,#1890,#1891,#1897));
#1884 = ORIENTED_EDGE('',*,*,#1885,.T.);
#1885 = EDGE_CURVE('',#428,#1020,#1886,.T.);
#1886 = LINE('',#1887,#1888);
#1887 = CARTESIAN_POINT('',(-15.29292444282,-21.69276516855,0.));
#1888 = VECTOR('',#1889,1.);
#1889 = DIRECTION('',(0.,0.,1.));
#1890 = ORIENTED_EDGE('',*,*,#1019,.T.);
#1891 = ORIENTED_EDGE('',*,*,#1892,.F.);
#1892 = EDGE_CURVE('',#430,#1022,#1893,.T.);
#1893 = LINE('',#1894,#1895);
#1894 = CARTESIAN_POINT('',(-15.29292444282,-20.27854801407,0.));
#1895 = VECTOR('',#1896,1.);
#1896 = DIRECTION('',(0.,0.,1.));
#1897 = ORIENTED_EDGE('',*,*,#427,.F.);
#1898 = CYLINDRICAL_SURFACE('',#1899,1.000002540005);
#1899 = AXIS2_PLACEMENT_3D('',#1900,#1901,#1902);
#1900 = CARTESIAN_POINT('',(-14.58581586558,-20.98565659131,0.));
#1901 = DIRECTION('',(0.,0.,-1.));
#1902 = DIRECTION('',(-0.707106781187,-0.707106781187,-0.));
#1903 = ADVANCED_FACE('',(#1904),#1915,.F.);
#1904 = FACE_BOUND('',#1905,.F.);
#1905 = EDGE_LOOP('',(#1906,#1907,#1908,#1914));
#1906 = ORIENTED_EDGE('',*,*,#1892,.T.);
#1907 = ORIENTED_EDGE('',*,*,#1065,.T.);
#1908 = ORIENTED_EDGE('',*,*,#1909,.F.);
#1909 = EDGE_CURVE('',#465,#1057,#1910,.T.);
#1910 = LINE('',#1911,#1912);
#1911 = CARTESIAN_POINT('',(-9.636059417003,-14.62168298825,0.));
#1912 = VECTOR('',#1913,1.);
#1913 = DIRECTION('',(0.,0.,1.));
#1914 = ORIENTED_EDGE('',*,*,#473,.F.);
#1915 = PLANE('',#1916);
#1916 = AXIS2_PLACEMENT_3D('',#1917,#1918,#1919);
#1917 = CARTESIAN_POINT('',(-15.29292444282,-20.27854801407,0.));
#1918 = DIRECTION('',(-0.707106781187,0.707106781187,0.));
#1919 = DIRECTION('',(0.707106781187,0.707106781187,0.));
#1920 = ADVANCED_FACE('',(#1921),#1932,.F.);
#1921 = FACE_BOUND('',#1922,.F.);
#1922 = EDGE_LOOP('',(#1923,#1924,#1925,#1931));
#1923 = ORIENTED_EDGE('',*,*,#1909,.T.);
#1924 = ORIENTED_EDGE('',*,*,#1056,.T.);
#1925 = ORIENTED_EDGE('',*,*,#1926,.F.);
#1926 = EDGE_CURVE('',#456,#1048,#1927,.T.);
#1927 = LINE('',#1928,#1929);
#1928 = CARTESIAN_POINT('',(-8.221842262521,-14.62168298825,0.));
#1929 = VECTOR('',#1930,1.);
#1930 = DIRECTION('',(0.,0.,1.));
#1931 = ORIENTED_EDGE('',*,*,#464,.F.);
#1932 = CYLINDRICAL_SURFACE('',#1933,1.000002540005);
#1933 = AXIS2_PLACEMENT_3D('',#1934,#1935,#1936);
#1934 = CARTESIAN_POINT('',(-8.928950839762,-15.32879156549,0.));
#1935 = DIRECTION('',(0.,0.,-1.));
#1936 = DIRECTION('',(-0.707106781187,0.707106781187,0.));
#1937 = ADVANCED_FACE('',(#1938),#1949,.F.);
#1938 = FACE_BOUND('',#1939,.F.);
#1939 = EDGE_LOOP('',(#1940,#1941,#1942,#1948));
#1940 = ORIENTED_EDGE('',*,*,#1926,.T.);
#1941 = ORIENTED_EDGE('',*,*,#1047,.T.);
#1942 = ORIENTED_EDGE('',*,*,#1943,.F.);
#1943 = EDGE_CURVE('',#448,#1040,#1944,.T.);
#1944 = LINE('',#1945,#1946);
#1945 = CARTESIAN_POINT('',(-8.221842262521,-16.03590014273,0.));
#1946 = VECTOR('',#1947,1.);
#1947 = DIRECTION('',(0.,0.,1.));
#1948 = ORIENTED_EDGE('',*,*,#455,.F.);
#1949 = CYLINDRICAL_SURFACE('',#1950,1.000002540005);
#1950 = AXIS2_PLACEMENT_3D('',#1951,#1952,#1953);
#1951 = CARTESIAN_POINT('',(-8.928950839762,-15.32879156549,0.));
#1952 = DIRECTION('',(0.,0.,-1.));
#1953 = DIRECTION('',(0.707106781187,0.707106781187,0.));
#1954 = ADVANCED_FACE('',(#1955),#1966,.F.);
#1955 = FACE_BOUND('',#1956,.F.);
#1956 = EDGE_LOOP('',(#1957,#1958,#1959,#1965));
#1957 = ORIENTED_EDGE('',*,*,#1943,.T.);
#1958 = ORIENTED_EDGE('',*,*,#1039,.T.);
#1959 = ORIENTED_EDGE('',*,*,#1960,.F.);
#1960 = EDGE_CURVE('',#439,#1031,#1961,.T.);
#1961 = LINE('',#1962,#1963);
#1962 = CARTESIAN_POINT('',(-13.87870728834,-21.69276516855,0.));
#1963 = VECTOR('',#1964,1.);
#1964 = DIRECTION('',(0.,0.,1.));
#1965 = ORIENTED_EDGE('',*,*,#447,.F.);
#1966 = PLANE('',#1967);
#1967 = AXIS2_PLACEMENT_3D('',#1968,#1969,#1970);
#1968 = CARTESIAN_POINT('',(-8.221842262521,-16.03590014273,0.));
#1969 = DIRECTION('',(0.707106781187,-0.707106781187,0.));
#1970 = DIRECTION('',(-0.707106781187,-0.707106781187,0.));
#1971 = ADVANCED_FACE('',(#1972),#1978,.F.);
#1972 = FACE_BOUND('',#1973,.F.);
#1973 = EDGE_LOOP('',(#1974,#1975,#1976,#1977));
#1974 = ORIENTED_EDGE('',*,*,#1960,.T.);
#1975 = ORIENTED_EDGE('',*,*,#1030,.T.);
#1976 = ORIENTED_EDGE('',*,*,#1885,.F.);
#1977 = ORIENTED_EDGE('',*,*,#438,.F.);
#1978 = CYLINDRICAL_SURFACE('',#1979,1.000002540005);
#1979 = AXIS2_PLACEMENT_3D('',#1980,#1981,#1982);
#1980 = CARTESIAN_POINT('',(-14.58581586558,-20.98565659131,0.));
#1981 = DIRECTION('',(-0.,0.,-1.));
#1982 = DIRECTION('',(0.707106781187,-0.707106781187,-0.));
#1983 = ADVANCED_FACE('',(#1984),#2000,.F.);
#1984 = FACE_BOUND('',#1985,.F.);
#1985 = EDGE_LOOP('',(#1986,#1992,#1993,#1999));
#1986 = ORIENTED_EDGE('',*,*,#1987,.T.);
#1987 = EDGE_CURVE('',#482,#1074,#1988,.T.);
#1988 = LINE('',#1989,#1990);
#1989 = CARTESIAN_POINT('',(-20.00004064008,-28.40005588011,0.));
#1990 = VECTOR('',#1991,1.);
#1991 = DIRECTION('',(0.,0.,1.));
#1992 = ORIENTED_EDGE('',*,*,#1073,.T.);
#1993 = ORIENTED_EDGE('',*,*,#1994,.F.);
#1994 = EDGE_CURVE('',#484,#1076,#1995,.T.);
#1995 = LINE('',#1996,#1997);
#1996 = CARTESIAN_POINT('',(-17.00003556007,-28.40005588011,0.));
#1997 = VECTOR('',#1998,1.);
#1998 = DIRECTION('',(0.,0.,1.));
#1999 = ORIENTED_EDGE('',*,*,#481,.F.);
#2000 = PLANE('',#2001);
#2001 = AXIS2_PLACEMENT_3D('',#2002,#2003,#2004);
#2002 = CARTESIAN_POINT('',(-20.00004064008,-28.40005588011,0.));
#2003 = DIRECTION('',(0.,1.,0.));
#2004 = DIRECTION('',(1.,0.,0.));
#2005 = ADVANCED_FACE('',(#2006),#2017,.F.);
#2006 = FACE_BOUND('',#2007,.F.);
#2007 = EDGE_LOOP('',(#2008,#2009,#2010,#2016));
#2008 = ORIENTED_EDGE('',*,*,#1994,.T.);
#2009 = ORIENTED_EDGE('',*,*,#1099,.T.);
#2010 = ORIENTED_EDGE('',*,*,#2011,.F.);
#2011 = EDGE_CURVE('',#500,#1092,#2012,.T.);
#2012 = LINE('',#2013,#2014);
#2013 = CARTESIAN_POINT('',(-17.00003556007,-29.40005842011,0.));
#2014 = VECTOR('',#2015,1.);
#2015 = DIRECTION('',(0.,0.,1.));
#2016 = ORIENTED_EDGE('',*,*,#507,.F.);
#2017 = PLANE('',#2018);
#2018 = AXIS2_PLACEMENT_3D('',#2019,#2020,#2021);
#2019 = CARTESIAN_POINT('',(-17.00003556007,-28.40005588011,0.));
#2020 = DIRECTION('',(1.,0.,-0.));
#2021 = DIRECTION('',(0.,-1.,0.));
#2022 = ADVANCED_FACE('',(#2023),#2034,.F.);
#2023 = FACE_BOUND('',#2024,.F.);
#2024 = EDGE_LOOP('',(#2025,#2026,#2027,#2033));
#2025 = ORIENTED_EDGE('',*,*,#2011,.T.);
#2026 = ORIENTED_EDGE('',*,*,#1091,.T.);
#2027 = ORIENTED_EDGE('',*,*,#2028,.F.);
#2028 = EDGE_CURVE('',#492,#1084,#2029,.T.);
#2029 = LINE('',#2030,#2031);
#2030 = CARTESIAN_POINT('',(-20.00004064008,-29.40005842011,0.));
#2031 = VECTOR('',#2032,1.);
#2032 = DIRECTION('',(0.,0.,1.));
#2033 = ORIENTED_EDGE('',*,*,#499,.F.);
#2034 = PLANE('',#2035);
#2035 = AXIS2_PLACEMENT_3D('',#2036,#2037,#2038);
#2036 = CARTESIAN_POINT('',(-17.00003556007,-29.40005842011,0.));
#2037 = DIRECTION('',(0.,-1.,0.));
#2038 = DIRECTION('',(-1.,0.,0.));
#2039 = ADVANCED_FACE('',(#2040),#2046,.F.);
#2040 = FACE_BOUND('',#2041,.F.);
#2041 = EDGE_LOOP('',(#2042,#2043,#2044,#2045));
#2042 = ORIENTED_EDGE('',*,*,#2028,.T.);
#2043 = ORIENTED_EDGE('',*,*,#1083,.T.);
#2044 = ORIENTED_EDGE('',*,*,#1987,.F.);
#2045 = ORIENTED_EDGE('',*,*,#491,.F.);
#2046 = PLANE('',#2047);
#2047 = AXIS2_PLACEMENT_3D('',#2048,#2049,#2050);
#2048 = CARTESIAN_POINT('',(-20.00004064008,-29.40005842011,0.));
#2049 = DIRECTION('',(-1.,0.,0.));
#2050 = DIRECTION('',(0.,1.,0.));
#2051 = ADVANCED_FACE('',(#2052),#2068,.F.);
#2052 = FACE_BOUND('',#2053,.F.);
#2053 = EDGE_LOOP('',(#2054,#2060,#2061,#2067));
#2054 = ORIENTED_EDGE('',*,*,#2055,.T.);
#2055 = EDGE_CURVE('',#516,#1108,#2056,.T.);
#2056 = LINE('',#2057,#2058);
#2057 = CARTESIAN_POINT('',(-19.79293206284,-20.70277024856,0.));
#2058 = VECTOR('',#2059,1.);
#2059 = DIRECTION('',(0.,0.,1.));
#2060 = ORIENTED_EDGE('',*,*,#1107,.T.);
#2061 = ORIENTED_EDGE('',*,*,#2062,.F.);
#2062 = EDGE_CURVE('',#518,#1110,#2063,.T.);
#2063 = LINE('',#2064,#2065);
#2064 = CARTESIAN_POINT('',(-19.79293206284,-19.28855309408,0.));
#2065 = VECTOR('',#2066,1.);
#2066 = DIRECTION('',(0.,0.,1.));
#2067 = ORIENTED_EDGE('',*,*,#515,.F.);
#2068 = CYLINDRICAL_SURFACE('',#2069,1.000002540005);
#2069 = AXIS2_PLACEMENT_3D('',#2070,#2071,#2072);
#2070 = CARTESIAN_POINT('',(-19.08582348559,-19.99566167132,0.));
#2071 = DIRECTION('',(0.,0.,-1.));
#2072 = DIRECTION('',(-0.707106781187,-0.707106781187,-0.));
#2073 = ADVANCED_FACE('',(#2074),#2085,.F.);
#2074 = FACE_BOUND('',#2075,.F.);
#2075 = EDGE_LOOP('',(#2076,#2077,#2078,#2084));
#2076 = ORIENTED_EDGE('',*,*,#2062,.T.);
#2077 = ORIENTED_EDGE('',*,*,#1153,.T.);
#2078 = ORIENTED_EDGE('',*,*,#2079,.F.);
#2079 = EDGE_CURVE('',#553,#1145,#2080,.T.);
#2080 = LINE('',#2081,#2082);
#2081 = CARTESIAN_POINT('',(-10.60052594686,-10.0961469781,0.));
#2082 = VECTOR('',#2083,1.);
#2083 = DIRECTION('',(0.,0.,1.));
#2084 = ORIENTED_EDGE('',*,*,#561,.F.);
#2085 = PLANE('',#2086);
#2086 = AXIS2_PLACEMENT_3D('',#2087,#2088,#2089);
#2087 = CARTESIAN_POINT('',(-19.79293206284,-19.28855309408,0.));
#2088 = DIRECTION('',(-0.707106781187,0.707106781187,0.));
#2089 = DIRECTION('',(0.707106781187,0.707106781187,0.));
#2090 = ADVANCED_FACE('',(#2091),#2102,.F.);
#2091 = FACE_BOUND('',#2092,.F.);
#2092 = EDGE_LOOP('',(#2093,#2094,#2095,#2101));
#2093 = ORIENTED_EDGE('',*,*,#2079,.T.);
#2094 = ORIENTED_EDGE('',*,*,#1144,.T.);
#2095 = ORIENTED_EDGE('',*,*,#2096,.F.);
#2096 = EDGE_CURVE('',#544,#1136,#2097,.T.);
#2097 = LINE('',#2098,#2099);
#2098 = CARTESIAN_POINT('',(-9.186308792384,-10.0961469781,0.));
#2099 = VECTOR('',#2100,1.);
#2100 = DIRECTION('',(0.,0.,1.));
#2101 = ORIENTED_EDGE('',*,*,#552,.F.);
#2102 = CYLINDRICAL_SURFACE('',#2103,1.000002540005);
#2103 = AXIS2_PLACEMENT_3D('',#2104,#2105,#2106);
#2104 = CARTESIAN_POINT('',(-9.893417369625,-10.80325555535,0.));
#2105 = DIRECTION('',(0.,0.,-1.));
#2106 = DIRECTION('',(-0.707106781187,0.707106781187,0.));
#2107 = ADVANCED_FACE('',(#2108),#2119,.F.);
#2108 = FACE_BOUND('',#2109,.F.);
#2109 = EDGE_LOOP('',(#2110,#2111,#2112,#2118));
#2110 = ORIENTED_EDGE('',*,*,#2096,.T.);
#2111 = ORIENTED_EDGE('',*,*,#1135,.T.);
#2112 = ORIENTED_EDGE('',*,*,#2113,.F.);
#2113 = EDGE_CURVE('',#536,#1128,#2114,.T.);
#2114 = LINE('',#2115,#2116);
#2115 = CARTESIAN_POINT('',(-9.186308792384,-11.51036413259,0.));
#2116 = VECTOR('',#2117,1.);
#2117 = DIRECTION('',(0.,0.,1.));
#2118 = ORIENTED_EDGE('',*,*,#543,.F.);
#2119 = CYLINDRICAL_SURFACE('',#2120,1.000002540005);
#2120 = AXIS2_PLACEMENT_3D('',#2121,#2122,#2123);
#2121 = CARTESIAN_POINT('',(-9.893417369625,-10.80325555535,0.));
#2122 = DIRECTION('',(0.,0.,-1.));
#2123 = DIRECTION('',(0.707106781187,0.707106781187,0.));
#2124 = ADVANCED_FACE('',(#2125),#2136,.F.);
#2125 = FACE_BOUND('',#2126,.F.);
#2126 = EDGE_LOOP('',(#2127,#2128,#2129,#2135));
#2127 = ORIENTED_EDGE('',*,*,#2113,.T.);
#2128 = ORIENTED_EDGE('',*,*,#1127,.T.);
#2129 = ORIENTED_EDGE('',*,*,#2130,.F.);
#2130 = EDGE_CURVE('',#527,#1119,#2131,.T.);
#2131 = LINE('',#2132,#2133);
#2132 = CARTESIAN_POINT('',(-18.37871490835,-20.70277024856,0.));
#2133 = VECTOR('',#2134,1.);
#2134 = DIRECTION('',(0.,0.,1.));
#2135 = ORIENTED_EDGE('',*,*,#535,.F.);
#2136 = PLANE('',#2137);
#2137 = AXIS2_PLACEMENT_3D('',#2138,#2139,#2140);
#2138 = CARTESIAN_POINT('',(-9.186308792384,-11.51036413259,0.));
#2139 = DIRECTION('',(0.707106781187,-0.707106781187,0.));
#2140 = DIRECTION('',(-0.707106781187,-0.707106781187,0.));
#2141 = ADVANCED_FACE('',(#2142),#2148,.F.);
#2142 = FACE_BOUND('',#2143,.F.);
#2143 = EDGE_LOOP('',(#2144,#2145,#2146,#2147));
#2144 = ORIENTED_EDGE('',*,*,#2130,.T.);
#2145 = ORIENTED_EDGE('',*,*,#1118,.T.);
#2146 = ORIENTED_EDGE('',*,*,#2055,.F.);
#2147 = ORIENTED_EDGE('',*,*,#526,.F.);
#2148 = CYLINDRICAL_SURFACE('',#2149,1.000002540005);
#2149 = AXIS2_PLACEMENT_3D('',#2150,#2151,#2152);
#2150 = CARTESIAN_POINT('',(-19.08582348559,-19.99566167132,0.));
#2151 = DIRECTION('',(-0.,0.,-1.));
#2152 = DIRECTION('',(0.707106781187,-0.707106781187,-0.));
#2153 = ADVANCED_FACE('',(#2154),#2170,.F.);
#2154 = FACE_BOUND('',#2155,.F.);
#2155 = EDGE_LOOP('',(#2156,#2162,#2163,#2169));
#2156 = ORIENTED_EDGE('',*,*,#2157,.T.);
#2157 = EDGE_CURVE('',#570,#1162,#2158,.T.);
#2158 = LINE('',#2159,#2160);
#2159 = CARTESIAN_POINT('',(-24.29294222286,-19.47342810988,0.));
#2160 = VECTOR('',#2161,1.);
#2161 = DIRECTION('',(0.,0.,1.));
#2162 = ORIENTED_EDGE('',*,*,#1161,.T.);
#2163 = ORIENTED_EDGE('',*,*,#2164,.F.);
#2164 = EDGE_CURVE('',#572,#1164,#2165,.T.);
#2165 = LINE('',#2166,#2167);
#2166 = CARTESIAN_POINT('',(-24.29294222286,-18.05921095539,0.));
#2167 = VECTOR('',#2168,1.);
#2168 = DIRECTION('',(0.,0.,1.));
#2169 = ORIENTED_EDGE('',*,*,#569,.F.);
#2170 = CYLINDRICAL_SURFACE('',#2171,1.000002540005);
#2171 = AXIS2_PLACEMENT_3D('',#2172,#2173,#2174);
#2172 = CARTESIAN_POINT('',(-23.58583364561,-18.76631953263,0.));
#2173 = DIRECTION('',(0.,0.,-1.));
#2174 = DIRECTION('',(-0.707106781187,-0.707106781187,-0.));
#2175 = ADVANCED_FACE('',(#2176),#2187,.F.);
#2176 = FACE_BOUND('',#2177,.F.);
#2177 = EDGE_LOOP('',(#2178,#2179,#2180,#2186));
#2178 = ORIENTED_EDGE('',*,*,#2164,.T.);
#2179 = ORIENTED_EDGE('',*,*,#1207,.T.);
#2180 = ORIENTED_EDGE('',*,*,#2181,.F.);
#2181 = EDGE_CURVE('',#607,#1199,#2182,.T.);
#2182 = LINE('',#2183,#2184);
#2183 = CARTESIAN_POINT('',(-11.56499501673,-5.331263749272,0.));
#2184 = VECTOR('',#2185,1.);
#2185 = DIRECTION('',(0.,0.,1.));
#2186 = ORIENTED_EDGE('',*,*,#615,.F.);
#2187 = PLANE('',#2188);
#2188 = AXIS2_PLACEMENT_3D('',#2189,#2190,#2191);
#2189 = CARTESIAN_POINT('',(-24.29294222286,-18.05921095539,0.));
#2190 = DIRECTION('',(-0.707106781187,0.707106781187,0.));
#2191 = DIRECTION('',(0.707106781187,0.707106781187,0.));
#2192 = ADVANCED_FACE('',(#2193),#2204,.F.);
#2193 = FACE_BOUND('',#2194,.F.);
#2194 = EDGE_LOOP('',(#2195,#2196,#2197,#2203));
#2195 = ORIENTED_EDGE('',*,*,#2181,.T.);
#2196 = ORIENTED_EDGE('',*,*,#1198,.T.);
#2197 = ORIENTED_EDGE('',*,*,#2198,.F.);
#2198 = EDGE_CURVE('',#598,#1190,#2199,.T.);
#2199 = LINE('',#2200,#2201);
#2200 = CARTESIAN_POINT('',(-10.15077786225,-5.331263749272,0.));
#2201 = VECTOR('',#2202,1.);
#2202 = DIRECTION('',(0.,0.,1.));
#2203 = ORIENTED_EDGE('',*,*,#606,.F.);
#2204 = CYLINDRICAL_SURFACE('',#2205,1.000002540005);
#2205 = AXIS2_PLACEMENT_3D('',#2206,#2207,#2208);
#2206 = CARTESIAN_POINT('',(-10.85788643949,-6.038372326514,0.));
#2207 = DIRECTION('',(0.,0.,-1.));
#2208 = DIRECTION('',(-0.707106781187,0.707106781187,0.));
#2209 = ADVANCED_FACE('',(#2210),#2221,.F.);
#2210 = FACE_BOUND('',#2211,.F.);
#2211 = EDGE_LOOP('',(#2212,#2213,#2214,#2220));
#2212 = ORIENTED_EDGE('',*,*,#2198,.T.);
#2213 = ORIENTED_EDGE('',*,*,#1189,.T.);
#2214 = ORIENTED_EDGE('',*,*,#2215,.F.);
#2215 = EDGE_CURVE('',#590,#1182,#2216,.T.);
#2216 = LINE('',#2217,#2218);
#2217 = CARTESIAN_POINT('',(-10.15077786225,-6.745480903755,0.));
#2218 = VECTOR('',#2219,1.);
#2219 = DIRECTION('',(0.,0.,1.));
#2220 = ORIENTED_EDGE('',*,*,#597,.F.);
#2221 = CYLINDRICAL_SURFACE('',#2222,1.000002540005);
#2222 = AXIS2_PLACEMENT_3D('',#2223,#2224,#2225);
#2223 = CARTESIAN_POINT('',(-10.85788643949,-6.038372326514,0.));
#2224 = DIRECTION('',(0.,0.,-1.));
#2225 = DIRECTION('',(0.707106781187,0.707106781187,0.));
#2226 = ADVANCED_FACE('',(#2227),#2238,.F.);
#2227 = FACE_BOUND('',#2228,.F.);
#2228 = EDGE_LOOP('',(#2229,#2230,#2231,#2237));
#2229 = ORIENTED_EDGE('',*,*,#2215,.T.);
#2230 = ORIENTED_EDGE('',*,*,#1181,.T.);
#2231 = ORIENTED_EDGE('',*,*,#2232,.F.);
#2232 = EDGE_CURVE('',#581,#1173,#2233,.T.);
#2233 = LINE('',#2234,#2235);
#2234 = CARTESIAN_POINT('',(-22.87872506837,-19.47342810988,0.));
#2235 = VECTOR('',#2236,1.);
#2236 = DIRECTION('',(0.,0.,1.));
#2237 = ORIENTED_EDGE('',*,*,#589,.F.);
#2238 = PLANE('',#2239);
#2239 = AXIS2_PLACEMENT_3D('',#2240,#2241,#2242);
#2240 = CARTESIAN_POINT('',(-10.15077786225,-6.745480903755,0.));
#2241 = DIRECTION('',(0.707106781187,-0.707106781187,0.));
#2242 = DIRECTION('',(-0.707106781187,-0.707106781187,0.));
#2243 = ADVANCED_FACE('',(#2244),#2250,.F.);
#2244 = FACE_BOUND('',#2245,.F.);
#2245 = EDGE_LOOP('',(#2246,#2247,#2248,#2249));
#2246 = ORIENTED_EDGE('',*,*,#2232,.T.);
#2247 = ORIENTED_EDGE('',*,*,#1172,.T.);
#2248 = ORIENTED_EDGE('',*,*,#2157,.F.);
#2249 = ORIENTED_EDGE('',*,*,#580,.F.);
#2250 = CYLINDRICAL_SURFACE('',#2251,1.000002540005);
#2251 = AXIS2_PLACEMENT_3D('',#2252,#2253,#2254);
#2252 = CARTESIAN_POINT('',(-23.58583364561,-18.76631953263,0.));
#2253 = DIRECTION('',(-0.,0.,-1.));
#2254 = DIRECTION('',(0.707106781187,-0.707106781187,-0.));
#2255 = ADVANCED_FACE('',(#2256),#2272,.F.);
#2256 = FACE_BOUND('',#2257,.F.);
#2257 = EDGE_LOOP('',(#2258,#2264,#2265,#2271));
#2258 = ORIENTED_EDGE('',*,*,#2259,.T.);
#2259 = EDGE_CURVE('',#624,#1216,#2260,.T.);
#2260 = LINE('',#2261,#2262);
#2261 = CARTESIAN_POINT('',(-25.29294222286,-15.08827189956,0.));
#2262 = VECTOR('',#2263,1.);
#2263 = DIRECTION('',(0.,0.,1.));
#2264 = ORIENTED_EDGE('',*,*,#1215,.T.);
#2265 = ORIENTED_EDGE('',*,*,#2266,.F.);
#2266 = EDGE_CURVE('',#626,#1218,#2267,.T.);
#2267 = LINE('',#2268,#2269);
#2268 = CARTESIAN_POINT('',(-25.29294222286,-13.67405474508,0.));
#2269 = VECTOR('',#2270,1.);
#2270 = DIRECTION('',(0.,0.,1.));
#2271 = ORIENTED_EDGE('',*,*,#623,.F.);
#2272 = CYLINDRICAL_SURFACE('',#2273,1.000002540005);
#2273 = AXIS2_PLACEMENT_3D('',#2274,#2275,#2276);
#2274 = CARTESIAN_POINT('',(-24.58583364561,-14.38116332232,0.));
#2275 = DIRECTION('',(0.,0.,-1.));
#2276 = DIRECTION('',(-0.707106781187,-0.707106781187,-0.));
#2277 = ADVANCED_FACE('',(#2278),#2289,.F.);
#2278 = FACE_BOUND('',#2279,.F.);
#2279 = EDGE_LOOP('',(#2280,#2281,#2282,#2288));
#2280 = ORIENTED_EDGE('',*,*,#2266,.T.);
#2281 = ORIENTED_EDGE('',*,*,#1261,.T.);
#2282 = ORIENTED_EDGE('',*,*,#2283,.F.);
#2283 = EDGE_CURVE('',#661,#1253,#2284,.T.);
#2284 = LINE('',#2285,#2286);
#2285 = CARTESIAN_POINT('',(-16.10053610688,-4.481648629112,0.));
#2286 = VECTOR('',#2287,1.);
#2287 = DIRECTION('',(0.,0.,1.));
#2288 = ORIENTED_EDGE('',*,*,#669,.F.);
#2289 = PLANE('',#2290);
#2290 = AXIS2_PLACEMENT_3D('',#2291,#2292,#2293);
#2291 = CARTESIAN_POINT('',(-25.29294222286,-13.67405474508,0.));
#2292 = DIRECTION('',(-0.707106781187,0.707106781187,0.));
#2293 = DIRECTION('',(0.707106781187,0.707106781187,0.));
#2294 = ADVANCED_FACE('',(#2295),#2306,.F.);
#2295 = FACE_BOUND('',#2296,.F.);
#2296 = EDGE_LOOP('',(#2297,#2298,#2299,#2305));
#2297 = ORIENTED_EDGE('',*,*,#2283,.T.);
#2298 = ORIENTED_EDGE('',*,*,#1252,.T.);
#2299 = ORIENTED_EDGE('',*,*,#2300,.F.);
#2300 = EDGE_CURVE('',#652,#1244,#2301,.T.);
#2301 = LINE('',#2302,#2303);
#2302 = CARTESIAN_POINT('',(-14.6863189524,-4.481648629112,0.));
#2303 = VECTOR('',#2304,1.);
#2304 = DIRECTION('',(0.,0.,1.));
#2305 = ORIENTED_EDGE('',*,*,#660,.F.);
#2306 = CYLINDRICAL_SURFACE('',#2307,1.000002540005);
#2307 = AXIS2_PLACEMENT_3D('',#2308,#2309,#2310);
#2308 = CARTESIAN_POINT('',(-15.39342752964,-5.188757206353,0.));
#2309 = DIRECTION('',(0.,0.,-1.));
#2310 = DIRECTION('',(-0.707106781187,0.707106781187,0.));
#2311 = ADVANCED_FACE('',(#2312),#2323,.F.);
#2312 = FACE_BOUND('',#2313,.F.);
#2313 = EDGE_LOOP('',(#2314,#2315,#2316,#2322));
#2314 = ORIENTED_EDGE('',*,*,#2300,.T.);
#2315 = ORIENTED_EDGE('',*,*,#1243,.T.);
#2316 = ORIENTED_EDGE('',*,*,#2317,.F.);
#2317 = EDGE_CURVE('',#644,#1236,#2318,.T.);
#2318 = LINE('',#2319,#2320);
#2319 = CARTESIAN_POINT('',(-14.6863189524,-5.895865783595,0.));
#2320 = VECTOR('',#2321,1.);
#2321 = DIRECTION('',(0.,0.,1.));
#2322 = ORIENTED_EDGE('',*,*,#651,.F.);
#2323 = CYLINDRICAL_SURFACE('',#2324,1.000002540005);
#2324 = AXIS2_PLACEMENT_3D('',#2325,#2326,#2327);
#2325 = CARTESIAN_POINT('',(-15.39342752964,-5.188757206353,0.));
#2326 = DIRECTION('',(0.,0.,-1.));
#2327 = DIRECTION('',(0.707106781187,0.707106781187,0.));
#2328 = ADVANCED_FACE('',(#2329),#2340,.F.);
#2329 = FACE_BOUND('',#2330,.F.);
#2330 = EDGE_LOOP('',(#2331,#2332,#2333,#2339));
#2331 = ORIENTED_EDGE('',*,*,#2317,.T.);
#2332 = ORIENTED_EDGE('',*,*,#1235,.T.);
#2333 = ORIENTED_EDGE('',*,*,#2334,.F.);
#2334 = EDGE_CURVE('',#635,#1227,#2335,.T.);
#2335 = LINE('',#2336,#2337);
#2336 = CARTESIAN_POINT('',(-23.87872506837,-15.08827189956,0.));
#2337 = VECTOR('',#2338,1.);
#2338 = DIRECTION('',(0.,0.,1.));
#2339 = ORIENTED_EDGE('',*,*,#643,.F.);
#2340 = PLANE('',#2341);
#2341 = AXIS2_PLACEMENT_3D('',#2342,#2343,#2344);
#2342 = CARTESIAN_POINT('',(-14.6863189524,-5.895865783595,0.));
#2343 = DIRECTION('',(0.707106781187,-0.707106781187,0.));
#2344 = DIRECTION('',(-0.707106781187,-0.707106781187,0.));
#2345 = ADVANCED_FACE('',(#2346),#2352,.F.);
#2346 = FACE_BOUND('',#2347,.F.);
#2347 = EDGE_LOOP('',(#2348,#2349,#2350,#2351));
#2348 = ORIENTED_EDGE('',*,*,#2334,.T.);
#2349 = ORIENTED_EDGE('',*,*,#1226,.T.);
#2350 = ORIENTED_EDGE('',*,*,#2259,.F.);
#2351 = ORIENTED_EDGE('',*,*,#634,.F.);
#2352 = CYLINDRICAL_SURFACE('',#2353,1.000002540005);
#2353 = AXIS2_PLACEMENT_3D('',#2354,#2355,#2356);
#2354 = CARTESIAN_POINT('',(-24.58583364561,-14.38116332232,0.));
#2355 = DIRECTION('',(0.,0.,-1.));
#2356 = DIRECTION('',(0.707106781187,-0.707106781187,0.));
#2357 = ADVANCED_FACE('',(#2358),#2374,.F.);
#2358 = FACE_BOUND('',#2359,.F.);
#2359 = EDGE_LOOP('',(#2360,#2366,#2367,#2373));
#2360 = ORIENTED_EDGE('',*,*,#2361,.T.);
#2361 = EDGE_CURVE('',#678,#1270,#2362,.T.);
#2362 = LINE('',#2363,#2364);
#2363 = CARTESIAN_POINT('',(-26.29294476286,-10.10805599913,0.));
#2364 = VECTOR('',#2365,1.);
#2365 = DIRECTION('',(0.,0.,1.));
#2366 = ORIENTED_EDGE('',*,*,#1269,.T.);
#2367 = ORIENTED_EDGE('',*,*,#2368,.F.);
#2368 = EDGE_CURVE('',#680,#1272,#2369,.T.);
#2369 = LINE('',#2370,#2371);
#2370 = CARTESIAN_POINT('',(-26.29294476286,-8.693838844653,0.));
#2371 = VECTOR('',#2372,1.);
#2372 = DIRECTION('',(0.,0.,1.));
#2373 = ORIENTED_EDGE('',*,*,#677,.F.);
#2374 = CYLINDRICAL_SURFACE('',#2375,1.000002540005);
#2375 = AXIS2_PLACEMENT_3D('',#2376,#2377,#2378);
#2376 = CARTESIAN_POINT('',(-25.58583618562,-9.400947421895,0.));
#2377 = DIRECTION('',(0.,0.,-1.));
#2378 = DIRECTION('',(-0.707106781187,-0.707106781187,-0.));
#2379 = ADVANCED_FACE('',(#2380),#2391,.F.);
#2380 = FACE_BOUND('',#2381,.F.);
#2381 = EDGE_LOOP('',(#2382,#2383,#2384,#2390));
#2382 = ORIENTED_EDGE('',*,*,#2368,.T.);
#2383 = ORIENTED_EDGE('',*,*,#1315,.T.);
#2384 = ORIENTED_EDGE('',*,*,#2385,.F.);
#2385 = EDGE_CURVE('',#715,#1307,#2386,.T.);
#2386 = LINE('',#2387,#2388);
#2387 = CARTESIAN_POINT('',(-20.63607973704,-3.036973818832,0.));
#2388 = VECTOR('',#2389,1.);
#2389 = DIRECTION('',(0.,0.,1.));
#2390 = ORIENTED_EDGE('',*,*,#723,.F.);
#2391 = PLANE('',#2392);
#2392 = AXIS2_PLACEMENT_3D('',#2393,#2394,#2395);
#2393 = CARTESIAN_POINT('',(-26.29294476286,-8.693838844653,0.));
#2394 = DIRECTION('',(-0.707106781187,0.707106781187,0.));
#2395 = DIRECTION('',(0.707106781187,0.707106781187,0.));
#2396 = ADVANCED_FACE('',(#2397),#2408,.F.);
#2397 = FACE_BOUND('',#2398,.F.);
#2398 = EDGE_LOOP('',(#2399,#2400,#2401,#2407));
#2399 = ORIENTED_EDGE('',*,*,#2385,.T.);
#2400 = ORIENTED_EDGE('',*,*,#1306,.T.);
#2401 = ORIENTED_EDGE('',*,*,#2402,.F.);
#2402 = EDGE_CURVE('',#706,#1298,#2403,.T.);
#2403 = LINE('',#2404,#2405);
#2404 = CARTESIAN_POINT('',(-19.22186258256,-3.036973818832,0.));
#2405 = VECTOR('',#2406,1.);
#2406 = DIRECTION('',(0.,0.,1.));
#2407 = ORIENTED_EDGE('',*,*,#714,.F.);
#2408 = CYLINDRICAL_SURFACE('',#2409,1.000002540005);
#2409 = AXIS2_PLACEMENT_3D('',#2410,#2411,#2412);
#2410 = CARTESIAN_POINT('',(-19.9289711598,-3.744082396074,0.));
#2411 = DIRECTION('',(0.,0.,-1.));
#2412 = DIRECTION('',(-0.707106781187,0.707106781187,0.));
#2413 = ADVANCED_FACE('',(#2414),#2425,.F.);
#2414 = FACE_BOUND('',#2415,.F.);
#2415 = EDGE_LOOP('',(#2416,#2417,#2418,#2424));
#2416 = ORIENTED_EDGE('',*,*,#2402,.T.);
#2417 = ORIENTED_EDGE('',*,*,#1297,.T.);
#2418 = ORIENTED_EDGE('',*,*,#2419,.F.);
#2419 = EDGE_CURVE('',#698,#1290,#2420,.T.);
#2420 = LINE('',#2421,#2422);
#2421 = CARTESIAN_POINT('',(-19.22186258256,-4.451190973315,0.));
#2422 = VECTOR('',#2423,1.);
#2423 = DIRECTION('',(0.,0.,1.));
#2424 = ORIENTED_EDGE('',*,*,#705,.F.);
#2425 = CYLINDRICAL_SURFACE('',#2426,1.000002540005);
#2426 = AXIS2_PLACEMENT_3D('',#2427,#2428,#2429);
#2427 = CARTESIAN_POINT('',(-19.9289711598,-3.744082396074,0.));
#2428 = DIRECTION('',(0.,0.,-1.));
#2429 = DIRECTION('',(0.707106781187,0.707106781187,0.));
#2430 = ADVANCED_FACE('',(#2431),#2442,.F.);
#2431 = FACE_BOUND('',#2432,.F.);
#2432 = EDGE_LOOP('',(#2433,#2434,#2435,#2441));
#2433 = ORIENTED_EDGE('',*,*,#2419,.T.);
#2434 = ORIENTED_EDGE('',*,*,#1289,.T.);
#2435 = ORIENTED_EDGE('',*,*,#2436,.F.);
#2436 = EDGE_CURVE('',#689,#1281,#2437,.T.);
#2437 = LINE('',#2438,#2439);
#2438 = CARTESIAN_POINT('',(-24.87872760838,-10.10805599913,0.));
#2439 = VECTOR('',#2440,1.);
#2440 = DIRECTION('',(0.,0.,1.));
#2441 = ORIENTED_EDGE('',*,*,#697,.F.);
#2442 = PLANE('',#2443);
#2443 = AXIS2_PLACEMENT_3D('',#2444,#2445,#2446);
#2444 = CARTESIAN_POINT('',(-19.22186258256,-4.451190973315,0.));
#2445 = DIRECTION('',(0.707106781187,-0.707106781187,0.));
#2446 = DIRECTION('',(-0.707106781187,-0.707106781187,0.));
#2447 = ADVANCED_FACE('',(#2448),#2454,.F.);
#2448 = FACE_BOUND('',#2449,.F.);
#2449 = EDGE_LOOP('',(#2450,#2451,#2452,#2453));
#2450 = ORIENTED_EDGE('',*,*,#2436,.T.);
#2451 = ORIENTED_EDGE('',*,*,#1280,.T.);
#2452 = ORIENTED_EDGE('',*,*,#2361,.F.);
#2453 = ORIENTED_EDGE('',*,*,#688,.F.);
#2454 = CYLINDRICAL_SURFACE('',#2455,1.000002540005);
#2455 = AXIS2_PLACEMENT_3D('',#2456,#2457,#2458);
#2456 = CARTESIAN_POINT('',(-25.58583618562,-9.400947421895,0.));
#2457 = DIRECTION('',(-0.,0.,-1.));
#2458 = DIRECTION('',(0.707106781187,-0.707106781187,-0.));
#2459 = ( GEOMETRIC_REPRESENTATION_CONTEXT(3) 
GLOBAL_UNCERTAINTY_ASSIGNED_CONTEXT((#2463)) 
GLOBAL_UNIT_ASSIGNED_CONTEXT((#2460,#2461,#2462)) REPRESENTATION_CONTEXT
('Context #1','3D Context with UNIT and UNCERTAINTY') );
#2460 = ( LENGTH_UNIT() NAMED_UNIT(*) SI_UNIT(.MILLI.,.METRE.) );
#2461 = ( NAMED_UNIT(*) PLANE_ANGLE_UNIT() SI_UNIT($,.RADIAN.) );
#2462 = ( NAMED_UNIT(*) SI_UNIT($,.STERADIAN.) SOLID_ANGLE_UNIT() );
#2463 = UNCERTAINTY_MEASURE_WITH_UNIT(LENGTH_MEASURE(1.E-07),#2460,
  'distance_accuracy_value','confusion accuracy');
#2464 = CONTEXT_DEPENDENT_SHAPE_REPRESENTATION(#2465,#2467);
#2465 = ( REPRESENTATION_RELATIONSHIP('','',#32,#10) 
REPRESENTATION_RELATIONSHIP_WITH_TRANSFORMATION(#2466) 
SHAPE_REPRESENTATION_RELATIONSHIP() );
#2466 = ITEM_DEFINED_TRANSFORMATION('','',#11,#15);
#2467 = PRODUCT_DEFINITION_SHAPE('Placement','Placement of an item',
  #2468);
#2468 = NEXT_ASSEMBLY_USAGE_OCCURRENCE('1','=>[0:1:1:2]','',#5,#27,$);
#2469 = PRODUCT_RELATED_PRODUCT_CATEGORY('part',$,(#29));
#2470 = MECHANICAL_DESIGN_GEOMETRIC_PRESENTATION_REPRESENTATION('',(
    #2471,#2481,#2489,#2496,#2503,#2510,#2517,#2524,#2531,#2538,#2545,
    #2552,#2559,#2566,#2573,#2580,#2587,#2594,#2601,#2608,#2615,#2622,
    #2629,#2636,#2643,#2650,#2657,#2664,#2671,#2678,#2685,#2692,#2699,
    #2706,#2713,#2720,#2727,#2734,#2741,#2748,#2755,#2762,#2769,#2776,
    #2783,#2790,#2797,#2804,#2811,#2818,#2825,#2832,#2839,#2846,#2853,
    #2860,#2867,#2874,#2881,#2888,#2895,#2902,#2909,#2916,#2923,#2930,
    #2937,#2944,#2951,#2958,#2965),#2459);
#2471 = STYLED_ITEM('color',(#2472),#33);
#2472 = PRESENTATION_STYLE_ASSIGNMENT((#2473,#2479));
#2473 = SURFACE_STYLE_USAGE(.BOTH.,#2474);
#2474 = SURFACE_SIDE_STYLE('',(#2475));
#2475 = SURFACE_STYLE_FILL_AREA(#2476);
#2476 = FILL_AREA_STYLE('',(#2477));
#2477 = FILL_AREA_STYLE_COLOUR('',#2478);
#2478 = COLOUR_RGB('',0.,0.377508427907,0.578582128266);
#2479 = CURVE_STYLE('',#2480,POSITIVE_LENGTH_MEASURE(0.1),#2478);
#2480 = DRAUGHTING_PRE_DEFINED_CURVE_FONT('continuous');
#2481 = OVER_RIDING_STYLED_ITEM('overriding color',(#2482),#35,#2471);
#2482 = PRESENTATION_STYLE_ASSIGNMENT((#2483));
#2483 = SURFACE_STYLE_USAGE(.BOTH.,#2484);
#2484 = SURFACE_SIDE_STYLE('',(#2485));
#2485 = SURFACE_STYLE_FILL_AREA(#2486);
#2486 = FILL_AREA_STYLE('',(#2487));
#2487 = FILL_AREA_STYLE_COLOUR('',#2488);
#2488 = COLOUR_RGB('',0.937179583391,0.9357410338,0.649182888601);
#2489 = OVER_RIDING_STYLED_ITEM('overriding color',(#2490),#75,#2471);
#2490 = PRESENTATION_STYLE_ASSIGNMENT((#2491));
#2491 = SURFACE_STYLE_USAGE(.BOTH.,#2492);
#2492 = SURFACE_SIDE_STYLE('',(#2493));
#2493 = SURFACE_STYLE_FILL_AREA(#2494);
#2494 = FILL_AREA_STYLE('',(#2495));
#2495 = FILL_AREA_STYLE_COLOUR('',#2488);
#2496 = OVER_RIDING_STYLED_ITEM('overriding color',(#2497),#108,#2471);
#2497 = PRESENTATION_STYLE_ASSIGNMENT((#2498));
#2498 = SURFACE_STYLE_USAGE(.BOTH.,#2499);
#2499 = SURFACE_SIDE_STYLE('',(#2500));
#2500 = SURFACE_STYLE_FILL_AREA(#2501);
#2501 = FILL_AREA_STYLE('',(#2502));
#2502 = FILL_AREA_STYLE_COLOUR('',#2488);
#2503 = OVER_RIDING_STYLED_ITEM('overriding color',(#2504),#1325,#2471);
#2504 = PRESENTATION_STYLE_ASSIGNMENT((#2505));
#2505 = SURFACE_STYLE_USAGE(.BOTH.,#2506);
#2506 = SURFACE_SIDE_STYLE('',(#2507));
#2507 = SURFACE_STYLE_FILL_AREA(#2508);
#2508 = FILL_AREA_STYLE('',(#2509));
#2509 = FILL_AREA_STYLE_COLOUR('',#2488);
#2510 = OVER_RIDING_STYLED_ITEM('overriding color',(#2511),#1342,#2471);
#2511 = PRESENTATION_STYLE_ASSIGNMENT((#2512));
#2512 = SURFACE_STYLE_USAGE(.BOTH.,#2513);
#2513 = SURFACE_SIDE_STYLE('',(#2514));
#2514 = SURFACE_STYLE_FILL_AREA(#2515);
#2515 = FILL_AREA_STYLE('',(#2516));
#2516 = FILL_AREA_STYLE_COLOUR('',#2488);
#2517 = OVER_RIDING_STYLED_ITEM('overriding color',(#2518),#1359,#2471);
#2518 = PRESENTATION_STYLE_ASSIGNMENT((#2519));
#2519 = SURFACE_STYLE_USAGE(.BOTH.,#2520);
#2520 = SURFACE_SIDE_STYLE('',(#2521));
#2521 = SURFACE_STYLE_FILL_AREA(#2522);
#2522 = FILL_AREA_STYLE('',(#2523));
#2523 = FILL_AREA_STYLE_COLOUR('',#2488);
#2524 = OVER_RIDING_STYLED_ITEM('overriding color',(#2525),#1376,#2471);
#2525 = PRESENTATION_STYLE_ASSIGNMENT((#2526));
#2526 = SURFACE_STYLE_USAGE(.BOTH.,#2527);
#2527 = SURFACE_SIDE_STYLE('',(#2528));
#2528 = SURFACE_STYLE_FILL_AREA(#2529);
#2529 = FILL_AREA_STYLE('',(#2530));
#2530 = FILL_AREA_STYLE_COLOUR('',#2488);
#2531 = OVER_RIDING_STYLED_ITEM('overriding color',(#2532),#1393,#2471);
#2532 = PRESENTATION_STYLE_ASSIGNMENT((#2533));
#2533 = SURFACE_STYLE_USAGE(.BOTH.,#2534);
#2534 = SURFACE_SIDE_STYLE('',(#2535));
#2535 = SURFACE_STYLE_FILL_AREA(#2536);
#2536 = FILL_AREA_STYLE('',(#2537));
#2537 = FILL_AREA_STYLE_COLOUR('',#2488);
#2538 = OVER_RIDING_STYLED_ITEM('overriding color',(#2539),#1410,#2471);
#2539 = PRESENTATION_STYLE_ASSIGNMENT((#2540));
#2540 = SURFACE_STYLE_USAGE(.BOTH.,#2541);
#2541 = SURFACE_SIDE_STYLE('',(#2542));
#2542 = SURFACE_STYLE_FILL_AREA(#2543);
#2543 = FILL_AREA_STYLE('',(#2544));
#2544 = FILL_AREA_STYLE_COLOUR('',#2488);
#2545 = OVER_RIDING_STYLED_ITEM('overriding color',(#2546),#1427,#2471);
#2546 = PRESENTATION_STYLE_ASSIGNMENT((#2547));
#2547 = SURFACE_STYLE_USAGE(.BOTH.,#2548);
#2548 = SURFACE_SIDE_STYLE('',(#2549));
#2549 = SURFACE_STYLE_FILL_AREA(#2550);
#2550 = FILL_AREA_STYLE('',(#2551));
#2551 = FILL_AREA_STYLE_COLOUR('',#2488);
#2552 = OVER_RIDING_STYLED_ITEM('overriding color',(#2553),#1444,#2471);
#2553 = PRESENTATION_STYLE_ASSIGNMENT((#2554));
#2554 = SURFACE_STYLE_USAGE(.BOTH.,#2555);
#2555 = SURFACE_SIDE_STYLE('',(#2556));
#2556 = SURFACE_STYLE_FILL_AREA(#2557);
#2557 = FILL_AREA_STYLE('',(#2558));
#2558 = FILL_AREA_STYLE_COLOUR('',#2488);
#2559 = OVER_RIDING_STYLED_ITEM('overriding color',(#2560),#1461,#2471);
#2560 = PRESENTATION_STYLE_ASSIGNMENT((#2561));
#2561 = SURFACE_STYLE_USAGE(.BOTH.,#2562);
#2562 = SURFACE_SIDE_STYLE('',(#2563));
#2563 = SURFACE_STYLE_FILL_AREA(#2564);
#2564 = FILL_AREA_STYLE('',(#2565));
#2565 = FILL_AREA_STYLE_COLOUR('',#2488);
#2566 = OVER_RIDING_STYLED_ITEM('overriding color',(#2567),#1478,#2471);
#2567 = PRESENTATION_STYLE_ASSIGNMENT((#2568));
#2568 = SURFACE_STYLE_USAGE(.BOTH.,#2569);
#2569 = SURFACE_SIDE_STYLE('',(#2570));
#2570 = SURFACE_STYLE_FILL_AREA(#2571);
#2571 = FILL_AREA_STYLE('',(#2572));
#2572 = FILL_AREA_STYLE_COLOUR('',#2488);
#2573 = OVER_RIDING_STYLED_ITEM('overriding color',(#2574),#1495,#2471);
#2574 = PRESENTATION_STYLE_ASSIGNMENT((#2575));
#2575 = SURFACE_STYLE_USAGE(.BOTH.,#2576);
#2576 = SURFACE_SIDE_STYLE('',(#2577));
#2577 = SURFACE_STYLE_FILL_AREA(#2578);
#2578 = FILL_AREA_STYLE('',(#2579));
#2579 = FILL_AREA_STYLE_COLOUR('',#2488);
#2580 = OVER_RIDING_STYLED_ITEM('overriding color',(#2581),#1512,#2471);
#2581 = PRESENTATION_STYLE_ASSIGNMENT((#2582));
#2582 = SURFACE_STYLE_USAGE(.BOTH.,#2583);
#2583 = SURFACE_SIDE_STYLE('',(#2584));
#2584 = SURFACE_STYLE_FILL_AREA(#2585);
#2585 = FILL_AREA_STYLE('',(#2586));
#2586 = FILL_AREA_STYLE_COLOUR('',#2488);
#2587 = OVER_RIDING_STYLED_ITEM('overriding color',(#2588),#1529,#2471);
#2588 = PRESENTATION_STYLE_ASSIGNMENT((#2589));
#2589 = SURFACE_STYLE_USAGE(.BOTH.,#2590);
#2590 = SURFACE_SIDE_STYLE('',(#2591));
#2591 = SURFACE_STYLE_FILL_AREA(#2592);
#2592 = FILL_AREA_STYLE('',(#2593));
#2593 = FILL_AREA_STYLE_COLOUR('',#2488);
#2594 = OVER_RIDING_STYLED_ITEM('overriding color',(#2595),#1546,#2471);
#2595 = PRESENTATION_STYLE_ASSIGNMENT((#2596));
#2596 = SURFACE_STYLE_USAGE(.BOTH.,#2597);
#2597 = SURFACE_SIDE_STYLE('',(#2598));
#2598 = SURFACE_STYLE_FILL_AREA(#2599);
#2599 = FILL_AREA_STYLE('',(#2600));
#2600 = FILL_AREA_STYLE_COLOUR('',#2488);
#2601 = OVER_RIDING_STYLED_ITEM('overriding color',(#2602),#1563,#2471);
#2602 = PRESENTATION_STYLE_ASSIGNMENT((#2603));
#2603 = SURFACE_STYLE_USAGE(.BOTH.,#2604);
#2604 = SURFACE_SIDE_STYLE('',(#2605));
#2605 = SURFACE_STYLE_FILL_AREA(#2606);
#2606 = FILL_AREA_STYLE('',(#2607));
#2607 = FILL_AREA_STYLE_COLOUR('',#2488);
#2608 = OVER_RIDING_STYLED_ITEM('overriding color',(#2609),#1580,#2471);
#2609 = PRESENTATION_STYLE_ASSIGNMENT((#2610));
#2610 = SURFACE_STYLE_USAGE(.BOTH.,#2611);
#2611 = SURFACE_SIDE_STYLE('',(#2612));
#2612 = SURFACE_STYLE_FILL_AREA(#2613);
#2613 = FILL_AREA_STYLE('',(#2614));
#2614 = FILL_AREA_STYLE_COLOUR('',#2488);
#2615 = OVER_RIDING_STYLED_ITEM('overriding color',(#2616),#1597,#2471);
#2616 = PRESENTATION_STYLE_ASSIGNMENT((#2617));
#2617 = SURFACE_STYLE_USAGE(.BOTH.,#2618);
#2618 = SURFACE_SIDE_STYLE('',(#2619));
#2619 = SURFACE_STYLE_FILL_AREA(#2620);
#2620 = FILL_AREA_STYLE('',(#2621));
#2621 = FILL_AREA_STYLE_COLOUR('',#2488);
#2622 = OVER_RIDING_STYLED_ITEM('overriding color',(#2623),#1614,#2471);
#2623 = PRESENTATION_STYLE_ASSIGNMENT((#2624));
#2624 = SURFACE_STYLE_USAGE(.BOTH.,#2625);
#2625 = SURFACE_SIDE_STYLE('',(#2626));
#2626 = SURFACE_STYLE_FILL_AREA(#2627);
#2627 = FILL_AREA_STYLE('',(#2628));
#2628 = FILL_AREA_STYLE_COLOUR('',#2488);
#2629 = OVER_RIDING_STYLED_ITEM('overriding color',(#2630),#1631,#2471);
#2630 = PRESENTATION_STYLE_ASSIGNMENT((#2631));
#2631 = SURFACE_STYLE_USAGE(.BOTH.,#2632);
#2632 = SURFACE_SIDE_STYLE('',(#2633));
#2633 = SURFACE_STYLE_FILL_AREA(#2634);
#2634 = FILL_AREA_STYLE('',(#2635));
#2635 = FILL_AREA_STYLE_COLOUR('',#2488);
#2636 = OVER_RIDING_STYLED_ITEM('overriding color',(#2637),#1648,#2471);
#2637 = PRESENTATION_STYLE_ASSIGNMENT((#2638));
#2638 = SURFACE_STYLE_USAGE(.BOTH.,#2639);
#2639 = SURFACE_SIDE_STYLE('',(#2640));
#2640 = SURFACE_STYLE_FILL_AREA(#2641);
#2641 = FILL_AREA_STYLE('',(#2642));
#2642 = FILL_AREA_STYLE_COLOUR('',#2488);
#2643 = OVER_RIDING_STYLED_ITEM('overriding color',(#2644),#1665,#2471);
#2644 = PRESENTATION_STYLE_ASSIGNMENT((#2645));
#2645 = SURFACE_STYLE_USAGE(.BOTH.,#2646);
#2646 = SURFACE_SIDE_STYLE('',(#2647));
#2647 = SURFACE_STYLE_FILL_AREA(#2648);
#2648 = FILL_AREA_STYLE('',(#2649));
#2649 = FILL_AREA_STYLE_COLOUR('',#2488);
#2650 = OVER_RIDING_STYLED_ITEM('overriding color',(#2651),#1677,#2471);
#2651 = PRESENTATION_STYLE_ASSIGNMENT((#2652));
#2652 = SURFACE_STYLE_USAGE(.BOTH.,#2653);
#2653 = SURFACE_SIDE_STYLE('',(#2654));
#2654 = SURFACE_STYLE_FILL_AREA(#2655);
#2655 = FILL_AREA_STYLE('',(#2656));
#2656 = FILL_AREA_STYLE_COLOUR('',#2488);
#2657 = OVER_RIDING_STYLED_ITEM('overriding color',(#2658),#1699,#2471);
#2658 = PRESENTATION_STYLE_ASSIGNMENT((#2659));
#2659 = SURFACE_STYLE_USAGE(.BOTH.,#2660);
#2660 = SURFACE_SIDE_STYLE('',(#2661));
#2661 = SURFACE_STYLE_FILL_AREA(#2662);
#2662 = FILL_AREA_STYLE('',(#2663));
#2663 = FILL_AREA_STYLE_COLOUR('',#2488);
#2664 = OVER_RIDING_STYLED_ITEM('overriding color',(#2665),#1716,#2471);
#2665 = PRESENTATION_STYLE_ASSIGNMENT((#2666));
#2666 = SURFACE_STYLE_USAGE(.BOTH.,#2667);
#2667 = SURFACE_SIDE_STYLE('',(#2668));
#2668 = SURFACE_STYLE_FILL_AREA(#2669);
#2669 = FILL_AREA_STYLE('',(#2670));
#2670 = FILL_AREA_STYLE_COLOUR('',#2488);
#2671 = OVER_RIDING_STYLED_ITEM('overriding color',(#2672),#1733,#2471);
#2672 = PRESENTATION_STYLE_ASSIGNMENT((#2673));
#2673 = SURFACE_STYLE_USAGE(.BOTH.,#2674);
#2674 = SURFACE_SIDE_STYLE('',(#2675));
#2675 = SURFACE_STYLE_FILL_AREA(#2676);
#2676 = FILL_AREA_STYLE('',(#2677));
#2677 = FILL_AREA_STYLE_COLOUR('',#2488);
#2678 = OVER_RIDING_STYLED_ITEM('overriding color',(#2679),#1745,#2471);
#2679 = PRESENTATION_STYLE_ASSIGNMENT((#2680));
#2680 = SURFACE_STYLE_USAGE(.BOTH.,#2681);
#2681 = SURFACE_SIDE_STYLE('',(#2682));
#2682 = SURFACE_STYLE_FILL_AREA(#2683);
#2683 = FILL_AREA_STYLE('',(#2684));
#2684 = FILL_AREA_STYLE_COLOUR('',#2488);
#2685 = OVER_RIDING_STYLED_ITEM('overriding color',(#2686),#1767,#2471);
#2686 = PRESENTATION_STYLE_ASSIGNMENT((#2687));
#2687 = SURFACE_STYLE_USAGE(.BOTH.,#2688);
#2688 = SURFACE_SIDE_STYLE('',(#2689));
#2689 = SURFACE_STYLE_FILL_AREA(#2690);
#2690 = FILL_AREA_STYLE('',(#2691));
#2691 = FILL_AREA_STYLE_COLOUR('',#2488);
#2692 = OVER_RIDING_STYLED_ITEM('overriding color',(#2693),#1784,#2471);
#2693 = PRESENTATION_STYLE_ASSIGNMENT((#2694));
#2694 = SURFACE_STYLE_USAGE(.BOTH.,#2695);
#2695 = SURFACE_SIDE_STYLE('',(#2696));
#2696 = SURFACE_STYLE_FILL_AREA(#2697);
#2697 = FILL_AREA_STYLE('',(#2698));
#2698 = FILL_AREA_STYLE_COLOUR('',#2488);
#2699 = OVER_RIDING_STYLED_ITEM('overriding color',(#2700),#1801,#2471);
#2700 = PRESENTATION_STYLE_ASSIGNMENT((#2701));
#2701 = SURFACE_STYLE_USAGE(.BOTH.,#2702);
#2702 = SURFACE_SIDE_STYLE('',(#2703));
#2703 = SURFACE_STYLE_FILL_AREA(#2704);
#2704 = FILL_AREA_STYLE('',(#2705));
#2705 = FILL_AREA_STYLE_COLOUR('',#2488);
#2706 = OVER_RIDING_STYLED_ITEM('overriding color',(#2707),#1818,#2471);
#2707 = PRESENTATION_STYLE_ASSIGNMENT((#2708));
#2708 = SURFACE_STYLE_USAGE(.BOTH.,#2709);
#2709 = SURFACE_SIDE_STYLE('',(#2710));
#2710 = SURFACE_STYLE_FILL_AREA(#2711);
#2711 = FILL_AREA_STYLE('',(#2712));
#2712 = FILL_AREA_STYLE_COLOUR('',#2488);
#2713 = OVER_RIDING_STYLED_ITEM('overriding color',(#2714),#1835,#2471);
#2714 = PRESENTATION_STYLE_ASSIGNMENT((#2715));
#2715 = SURFACE_STYLE_USAGE(.BOTH.,#2716);
#2716 = SURFACE_SIDE_STYLE('',(#2717));
#2717 = SURFACE_STYLE_FILL_AREA(#2718);
#2718 = FILL_AREA_STYLE('',(#2719));
#2719 = FILL_AREA_STYLE_COLOUR('',#2488);
#2720 = OVER_RIDING_STYLED_ITEM('overriding color',(#2721),#1852,#2471);
#2721 = PRESENTATION_STYLE_ASSIGNMENT((#2722));
#2722 = SURFACE_STYLE_USAGE(.BOTH.,#2723);
#2723 = SURFACE_SIDE_STYLE('',(#2724));
#2724 = SURFACE_STYLE_FILL_AREA(#2725);
#2725 = FILL_AREA_STYLE('',(#2726));
#2726 = FILL_AREA_STYLE_COLOUR('',#2488);
#2727 = OVER_RIDING_STYLED_ITEM('overriding color',(#2728),#1869,#2471);
#2728 = PRESENTATION_STYLE_ASSIGNMENT((#2729));
#2729 = SURFACE_STYLE_USAGE(.BOTH.,#2730);
#2730 = SURFACE_SIDE_STYLE('',(#2731));
#2731 = SURFACE_STYLE_FILL_AREA(#2732);
#2732 = FILL_AREA_STYLE('',(#2733));
#2733 = FILL_AREA_STYLE_COLOUR('',#2488);
#2734 = OVER_RIDING_STYLED_ITEM('overriding color',(#2735),#1881,#2471);
#2735 = PRESENTATION_STYLE_ASSIGNMENT((#2736));
#2736 = SURFACE_STYLE_USAGE(.BOTH.,#2737);
#2737 = SURFACE_SIDE_STYLE('',(#2738));
#2738 = SURFACE_STYLE_FILL_AREA(#2739);
#2739 = FILL_AREA_STYLE('',(#2740));
#2740 = FILL_AREA_STYLE_COLOUR('',#2488);
#2741 = OVER_RIDING_STYLED_ITEM('overriding color',(#2742),#1903,#2471);
#2742 = PRESENTATION_STYLE_ASSIGNMENT((#2743));
#2743 = SURFACE_STYLE_USAGE(.BOTH.,#2744);
#2744 = SURFACE_SIDE_STYLE('',(#2745));
#2745 = SURFACE_STYLE_FILL_AREA(#2746);
#2746 = FILL_AREA_STYLE('',(#2747));
#2747 = FILL_AREA_STYLE_COLOUR('',#2488);
#2748 = OVER_RIDING_STYLED_ITEM('overriding color',(#2749),#1920,#2471);
#2749 = PRESENTATION_STYLE_ASSIGNMENT((#2750));
#2750 = SURFACE_STYLE_USAGE(.BOTH.,#2751);
#2751 = SURFACE_SIDE_STYLE('',(#2752));
#2752 = SURFACE_STYLE_FILL_AREA(#2753);
#2753 = FILL_AREA_STYLE('',(#2754));
#2754 = FILL_AREA_STYLE_COLOUR('',#2488);
#2755 = OVER_RIDING_STYLED_ITEM('overriding color',(#2756),#1937,#2471);
#2756 = PRESENTATION_STYLE_ASSIGNMENT((#2757));
#2757 = SURFACE_STYLE_USAGE(.BOTH.,#2758);
#2758 = SURFACE_SIDE_STYLE('',(#2759));
#2759 = SURFACE_STYLE_FILL_AREA(#2760);
#2760 = FILL_AREA_STYLE('',(#2761));
#2761 = FILL_AREA_STYLE_COLOUR('',#2488);
#2762 = OVER_RIDING_STYLED_ITEM('overriding color',(#2763),#1954,#2471);
#2763 = PRESENTATION_STYLE_ASSIGNMENT((#2764));
#2764 = SURFACE_STYLE_USAGE(.BOTH.,#2765);
#2765 = SURFACE_SIDE_STYLE('',(#2766));
#2766 = SURFACE_STYLE_FILL_AREA(#2767);
#2767 = FILL_AREA_STYLE('',(#2768));
#2768 = FILL_AREA_STYLE_COLOUR('',#2488);
#2769 = OVER_RIDING_STYLED_ITEM('overriding color',(#2770),#1971,#2471);
#2770 = PRESENTATION_STYLE_ASSIGNMENT((#2771));
#2771 = SURFACE_STYLE_USAGE(.BOTH.,#2772);
#2772 = SURFACE_SIDE_STYLE('',(#2773));
#2773 = SURFACE_STYLE_FILL_AREA(#2774);
#2774 = FILL_AREA_STYLE('',(#2775));
#2775 = FILL_AREA_STYLE_COLOUR('',#2488);
#2776 = OVER_RIDING_STYLED_ITEM('overriding color',(#2777),#1983,#2471);
#2777 = PRESENTATION_STYLE_ASSIGNMENT((#2778));
#2778 = SURFACE_STYLE_USAGE(.BOTH.,#2779);
#2779 = SURFACE_SIDE_STYLE('',(#2780));
#2780 = SURFACE_STYLE_FILL_AREA(#2781);
#2781 = FILL_AREA_STYLE('',(#2782));
#2782 = FILL_AREA_STYLE_COLOUR('',#2488);
#2783 = OVER_RIDING_STYLED_ITEM('overriding color',(#2784),#2005,#2471);
#2784 = PRESENTATION_STYLE_ASSIGNMENT((#2785));
#2785 = SURFACE_STYLE_USAGE(.BOTH.,#2786);
#2786 = SURFACE_SIDE_STYLE('',(#2787));
#2787 = SURFACE_STYLE_FILL_AREA(#2788);
#2788 = FILL_AREA_STYLE('',(#2789));
#2789 = FILL_AREA_STYLE_COLOUR('',#2488);
#2790 = OVER_RIDING_STYLED_ITEM('overriding color',(#2791),#2022,#2471);
#2791 = PRESENTATION_STYLE_ASSIGNMENT((#2792));
#2792 = SURFACE_STYLE_USAGE(.BOTH.,#2793);
#2793 = SURFACE_SIDE_STYLE('',(#2794));
#2794 = SURFACE_STYLE_FILL_AREA(#2795);
#2795 = FILL_AREA_STYLE('',(#2796));
#2796 = FILL_AREA_STYLE_COLOUR('',#2488);
#2797 = OVER_RIDING_STYLED_ITEM('overriding color',(#2798),#2039,#2471);
#2798 = PRESENTATION_STYLE_ASSIGNMENT((#2799));
#2799 = SURFACE_STYLE_USAGE(.BOTH.,#2800);
#2800 = SURFACE_SIDE_STYLE('',(#2801));
#2801 = SURFACE_STYLE_FILL_AREA(#2802);
#2802 = FILL_AREA_STYLE('',(#2803));
#2803 = FILL_AREA_STYLE_COLOUR('',#2488);
#2804 = OVER_RIDING_STYLED_ITEM('overriding color',(#2805),#2051,#2471);
#2805 = PRESENTATION_STYLE_ASSIGNMENT((#2806));
#2806 = SURFACE_STYLE_USAGE(.BOTH.,#2807);
#2807 = SURFACE_SIDE_STYLE('',(#2808));
#2808 = SURFACE_STYLE_FILL_AREA(#2809);
#2809 = FILL_AREA_STYLE('',(#2810));
#2810 = FILL_AREA_STYLE_COLOUR('',#2488);
#2811 = OVER_RIDING_STYLED_ITEM('overriding color',(#2812),#2073,#2471);
#2812 = PRESENTATION_STYLE_ASSIGNMENT((#2813));
#2813 = SURFACE_STYLE_USAGE(.BOTH.,#2814);
#2814 = SURFACE_SIDE_STYLE('',(#2815));
#2815 = SURFACE_STYLE_FILL_AREA(#2816);
#2816 = FILL_AREA_STYLE('',(#2817));
#2817 = FILL_AREA_STYLE_COLOUR('',#2488);
#2818 = OVER_RIDING_STYLED_ITEM('overriding color',(#2819),#2090,#2471);
#2819 = PRESENTATION_STYLE_ASSIGNMENT((#2820));
#2820 = SURFACE_STYLE_USAGE(.BOTH.,#2821);
#2821 = SURFACE_SIDE_STYLE('',(#2822));
#2822 = SURFACE_STYLE_FILL_AREA(#2823);
#2823 = FILL_AREA_STYLE('',(#2824));
#2824 = FILL_AREA_STYLE_COLOUR('',#2488);
#2825 = OVER_RIDING_STYLED_ITEM('overriding color',(#2826),#2107,#2471);
#2826 = PRESENTATION_STYLE_ASSIGNMENT((#2827));
#2827 = SURFACE_STYLE_USAGE(.BOTH.,#2828);
#2828 = SURFACE_SIDE_STYLE('',(#2829));
#2829 = SURFACE_STYLE_FILL_AREA(#2830);
#2830 = FILL_AREA_STYLE('',(#2831));
#2831 = FILL_AREA_STYLE_COLOUR('',#2488);
#2832 = OVER_RIDING_STYLED_ITEM('overriding color',(#2833),#2124,#2471);
#2833 = PRESENTATION_STYLE_ASSIGNMENT((#2834));
#2834 = SURFACE_STYLE_USAGE(.BOTH.,#2835);
#2835 = SURFACE_SIDE_STYLE('',(#2836));
#2836 = SURFACE_STYLE_FILL_AREA(#2837);
#2837 = FILL_AREA_STYLE('',(#2838));
#2838 = FILL_AREA_STYLE_COLOUR('',#2488);
#2839 = OVER_RIDING_STYLED_ITEM('overriding color',(#2840),#2141,#2471);
#2840 = PRESENTATION_STYLE_ASSIGNMENT((#2841));
#2841 = SURFACE_STYLE_USAGE(.BOTH.,#2842);
#2842 = SURFACE_SIDE_STYLE('',(#2843));
#2843 = SURFACE_STYLE_FILL_AREA(#2844);
#2844 = FILL_AREA_STYLE('',(#2845));
#2845 = FILL_AREA_STYLE_COLOUR('',#2488);
#2846 = OVER_RIDING_STYLED_ITEM('overriding color',(#2847),#2153,#2471);
#2847 = PRESENTATION_STYLE_ASSIGNMENT((#2848));
#2848 = SURFACE_STYLE_USAGE(.BOTH.,#2849);
#2849 = SURFACE_SIDE_STYLE('',(#2850));
#2850 = SURFACE_STYLE_FILL_AREA(#2851);
#2851 = FILL_AREA_STYLE('',(#2852));
#2852 = FILL_AREA_STYLE_COLOUR('',#2488);
#2853 = OVER_RIDING_STYLED_ITEM('overriding color',(#2854),#2175,#2471);
#2854 = PRESENTATION_STYLE_ASSIGNMENT((#2855));
#2855 = SURFACE_STYLE_USAGE(.BOTH.,#2856);
#2856 = SURFACE_SIDE_STYLE('',(#2857));
#2857 = SURFACE_STYLE_FILL_AREA(#2858);
#2858 = FILL_AREA_STYLE('',(#2859));
#2859 = FILL_AREA_STYLE_COLOUR('',#2488);
#2860 = OVER_RIDING_STYLED_ITEM('overriding color',(#2861),#2192,#2471);
#2861 = PRESENTATION_STYLE_ASSIGNMENT((#2862));
#2862 = SURFACE_STYLE_USAGE(.BOTH.,#2863);
#2863 = SURFACE_SIDE_STYLE('',(#2864));
#2864 = SURFACE_STYLE_FILL_AREA(#2865);
#2865 = FILL_AREA_STYLE('',(#2866));
#2866 = FILL_AREA_STYLE_COLOUR('',#2488);
#2867 = OVER_RIDING_STYLED_ITEM('overriding color',(#2868),#2209,#2471);
#2868 = PRESENTATION_STYLE_ASSIGNMENT((#2869));
#2869 = SURFACE_STYLE_USAGE(.BOTH.,#2870);
#2870 = SURFACE_SIDE_STYLE('',(#2871));
#2871 = SURFACE_STYLE_FILL_AREA(#2872);
#2872 = FILL_AREA_STYLE('',(#2873));
#2873 = FILL_AREA_STYLE_COLOUR('',#2488);
#2874 = OVER_RIDING_STYLED_ITEM('overriding color',(#2875),#2226,#2471);
#2875 = PRESENTATION_STYLE_ASSIGNMENT((#2876));
#2876 = SURFACE_STYLE_USAGE(.BOTH.,#2877);
#2877 = SURFACE_SIDE_STYLE('',(#2878));
#2878 = SURFACE_STYLE_FILL_AREA(#2879);
#2879 = FILL_AREA_STYLE('',(#2880));
#2880 = FILL_AREA_STYLE_COLOUR('',#2488);
#2881 = OVER_RIDING_STYLED_ITEM('overriding color',(#2882),#2243,#2471);
#2882 = PRESENTATION_STYLE_ASSIGNMENT((#2883));
#2883 = SURFACE_STYLE_USAGE(.BOTH.,#2884);
#2884 = SURFACE_SIDE_STYLE('',(#2885));
#2885 = SURFACE_STYLE_FILL_AREA(#2886);
#2886 = FILL_AREA_STYLE('',(#2887));
#2887 = FILL_AREA_STYLE_COLOUR('',#2488);
#2888 = OVER_RIDING_STYLED_ITEM('overriding color',(#2889),#2255,#2471);
#2889 = PRESENTATION_STYLE_ASSIGNMENT((#2890));
#2890 = SURFACE_STYLE_USAGE(.BOTH.,#2891);
#2891 = SURFACE_SIDE_STYLE('',(#2892));
#2892 = SURFACE_STYLE_FILL_AREA(#2893);
#2893 = FILL_AREA_STYLE('',(#2894));
#2894 = FILL_AREA_STYLE_COLOUR('',#2488);
#2895 = OVER_RIDING_STYLED_ITEM('overriding color',(#2896),#2277,#2471);
#2896 = PRESENTATION_STYLE_ASSIGNMENT((#2897));
#2897 = SURFACE_STYLE_USAGE(.BOTH.,#2898);
#2898 = SURFACE_SIDE_STYLE('',(#2899));
#2899 = SURFACE_STYLE_FILL_AREA(#2900);
#2900 = FILL_AREA_STYLE('',(#2901));
#2901 = FILL_AREA_STYLE_COLOUR('',#2488);
#2902 = OVER_RIDING_STYLED_ITEM('overriding color',(#2903),#2294,#2471);
#2903 = PRESENTATION_STYLE_ASSIGNMENT((#2904));
#2904 = SURFACE_STYLE_USAGE(.BOTH.,#2905);
#2905 = SURFACE_SIDE_STYLE('',(#2906));
#2906 = SURFACE_STYLE_FILL_AREA(#2907);
#2907 = FILL_AREA_STYLE('',(#2908));
#2908 = FILL_AREA_STYLE_COLOUR('',#2488);
#2909 = OVER_RIDING_STYLED_ITEM('overriding color',(#2910),#2311,#2471);
#2910 = PRESENTATION_STYLE_ASSIGNMENT((#2911));
#2911 = SURFACE_STYLE_USAGE(.BOTH.,#2912);
#2912 = SURFACE_SIDE_STYLE('',(#2913));
#2913 = SURFACE_STYLE_FILL_AREA(#2914);
#2914 = FILL_AREA_STYLE('',(#2915));
#2915 = FILL_AREA_STYLE_COLOUR('',#2488);
#2916 = OVER_RIDING_STYLED_ITEM('overriding color',(#2917),#2328,#2471);
#2917 = PRESENTATION_STYLE_ASSIGNMENT((#2918));
#2918 = SURFACE_STYLE_USAGE(.BOTH.,#2919);
#2919 = SURFACE_SIDE_STYLE('',(#2920));
#2920 = SURFACE_STYLE_FILL_AREA(#2921);
#2921 = FILL_AREA_STYLE('',(#2922));
#2922 = FILL_AREA_STYLE_COLOUR('',#2488);
#2923 = OVER_RIDING_STYLED_ITEM('overriding color',(#2924),#2345,#2471);
#2924 = PRESENTATION_STYLE_ASSIGNMENT((#2925));
#2925 = SURFACE_STYLE_USAGE(.BOTH.,#2926);
#2926 = SURFACE_SIDE_STYLE('',(#2927));
#2927 = SURFACE_STYLE_FILL_AREA(#2928);
#2928 = FILL_AREA_STYLE('',(#2929));
#2929 = FILL_AREA_STYLE_COLOUR('',#2488);
#2930 = OVER_RIDING_STYLED_ITEM('overriding color',(#2931),#2357,#2471);
#2931 = PRESENTATION_STYLE_ASSIGNMENT((#2932));
#2932 = SURFACE_STYLE_USAGE(.BOTH.,#2933);
#2933 = SURFACE_SIDE_STYLE('',(#2934));
#2934 = SURFACE_STYLE_FILL_AREA(#2935);
#2935 = FILL_AREA_STYLE('',(#2936));
#2936 = FILL_AREA_STYLE_COLOUR('',#2488);
#2937 = OVER_RIDING_STYLED_ITEM('overriding color',(#2938),#2379,#2471);
#2938 = PRESENTATION_STYLE_ASSIGNMENT((#2939));
#2939 = SURFACE_STYLE_USAGE(.BOTH.,#2940);
#2940 = SURFACE_SIDE_STYLE('',(#2941));
#2941 = SURFACE_STYLE_FILL_AREA(#2942);
#2942 = FILL_AREA_STYLE('',(#2943));
#2943 = FILL_AREA_STYLE_COLOUR('',#2488);
#2944 = OVER_RIDING_STYLED_ITEM('overriding color',(#2945),#2396,#2471);
#2945 = PRESENTATION_STYLE_ASSIGNMENT((#2946));
#2946 = SURFACE_STYLE_USAGE(.BOTH.,#2947);
#2947 = SURFACE_SIDE_STYLE('',(#2948));
#2948 = SURFACE_STYLE_FILL_AREA(#2949);
#2949 = FILL_AREA_STYLE('',(#2950));
#2950 = FILL_AREA_STYLE_COLOUR('',#2488);
#2951 = OVER_RIDING_STYLED_ITEM('overriding color',(#2952),#2413,#2471);
#2952 = PRESENTATION_STYLE_ASSIGNMENT((#2953));
#2953 = SURFACE_STYLE_USAGE(.BOTH.,#2954);
#2954 = SURFACE_SIDE_STYLE('',(#2955));
#2955 = SURFACE_STYLE_FILL_AREA(#2956);
#2956 = FILL_AREA_STYLE('',(#2957));
#2957 = FILL_AREA_STYLE_COLOUR('',#2488);
#2958 = OVER_RIDING_STYLED_ITEM('overriding color',(#2959),#2430,#2471);
#2959 = PRESENTATION_STYLE_ASSIGNMENT((#2960));
#2960 = SURFACE_STYLE_USAGE(.BOTH.,#2961);
#2961 = SURFACE_SIDE_STYLE('',(#2962));
#2962 = SURFACE_STYLE_FILL_AREA(#2963);
#2963 = FILL_AREA_STYLE('',(#2964));
#2964 = FILL_AREA_STYLE_COLOUR('',#2488);
#2965 = OVER_RIDING_STYLED_ITEM('overriding color',(#2966),#2447,#2471);
#2966 = PRESENTATION_STYLE_ASSIGNMENT((#2967));
#2967 = SURFACE_STYLE_USAGE(.BOTH.,#2968);
#2968 = SURFACE_SIDE_STYLE('',(#2969));
#2969 = SURFACE_STYLE_FILL_AREA(#2970);
#2970 = FILL_AREA_STYLE('',(#2971));
#2971 = FILL_AREA_STYLE_COLOUR('',#2488);
ENDSEC;
END-ISO-10303-21;
