ISO-10303-21;
HEADER;
FILE_DESCRIPTION(('Designed by EasyEDA Pro'),'2;1');
FILE_NAME('Open CASCADE Shape Model','2025-02-16T15:17:03',('Author'),(
    'Open CASCADE'),'Open CASCADE STEP processor 7.8','Open CASCADE 7.8'
  ,'Unknown');
FILE_SCHEMA(('AUTOMOTIVE_DESIGN { 1 0 10303 214 1 1 1 1 }'));
ENDSEC;
DATA;
#1 = APPLICATION_PROTOCOL_DEFINITION('international standard',
  'automotive_design',2000,#2);
#2 = APPLICATION_CONTEXT(
  'core data for automotive mechanical design processes');
#3 = SHAPE_DEFINITION_REPRESENTATION(#4,#10);
#4 = PRODUCT_DEFINITION_SHAPE('','',#5);
#5 = PRODUCT_DEFINITION('design','',#6,#9);
#6 = PRODUCT_DEFINITION_FORMATION('','',#7);
#7 = PRODUCT('PCBModel','PCBModel','',(#8));
#8 = PRODUCT_CONTEXT('',#2,'mechanical');
#9 = PRODUCT_DEFINITION_CONTEXT('part definition',#2,'design');
#10 = SHAPE_REPRESENTATION('',(#11,#15),#19);
#11 = AXIS2_PLACEMENT_3D('',#12,#13,#14);
#12 = CARTESIAN_POINT('',(0.,0.,0.));
#13 = DIRECTION('',(0.,0.,1.));
#14 = DIRECTION('',(1.,0.,-0.));
#15 = AXIS2_PLACEMENT_3D('',#16,#17,#18);
#16 = CARTESIAN_POINT('',(0.,0.,0.));
#17 = DIRECTION('',(0.,0.,1.));
#18 = DIRECTION('',(1.,0.,-0.));
#19 = ( GEOMETRIC_REPRESENTATION_CONTEXT(3) 
GLOBAL_UNCERTAINTY_ASSIGNED_CONTEXT((#23)) GLOBAL_UNIT_ASSIGNED_CONTEXT(
(#20,#21,#22)) REPRESENTATION_CONTEXT('Context #1',
  '3D Context with UNIT and UNCERTAINTY') );
#20 = ( LENGTH_UNIT() NAMED_UNIT(*) SI_UNIT(.MILLI.,.METRE.) );
#21 = ( NAMED_UNIT(*) PLANE_ANGLE_UNIT() SI_UNIT($,.RADIAN.) );
#22 = ( NAMED_UNIT(*) SI_UNIT($,.STERADIAN.) SOLID_ANGLE_UNIT() );
#23 = UNCERTAINTY_MEASURE_WITH_UNIT(LENGTH_MEASURE(1.E-07),#20,
  'distance_accuracy_value','confusion accuracy');
#24 = PRODUCT_RELATED_PRODUCT_CATEGORY('part',$,(#7));
#25 = SHAPE_DEFINITION_REPRESENTATION(#26,#32);
#26 = PRODUCT_DEFINITION_SHAPE('','',#27);
#27 = PRODUCT_DEFINITION('design','',#28,#31);
#28 = PRODUCT_DEFINITION_FORMATION('','',#29);
#29 = PRODUCT('Board','Board','',(#30));
#30 = PRODUCT_CONTEXT('',#2,'mechanical');
#31 = PRODUCT_DEFINITION_CONTEXT('part definition',#2,'design');
#32 = ADVANCED_BREP_SHAPE_REPRESENTATION('',(#11,#33),#2183);
#33 = MANIFOLD_SOLID_BREP('',#34);
#34 = CLOSED_SHELL('',(#35,#75,#108,#141,#663,#1185,#1202,#1219,#1236,
    #1253,#1270,#1287,#1304,#1321,#1338,#1355,#1372,#1389,#1406,#1423,
    #1440,#1457,#1474,#1491,#1508,#1525,#1537,#1559,#1576,#1593,#1605,
    #1627,#1644,#1661,#1678,#1695,#1707,#1729,#1746,#1763,#1775,#1797,
    #1814,#1831,#1848,#1865,#1877,#1899,#1916,#1933,#1950,#1967,#1979,
    #2001,#2018,#2035,#2052,#2069,#2081,#2103,#2120,#2137,#2154,#2171));
#35 = ADVANCED_FACE('',(#36),#70,.T.);
#36 = FACE_BOUND('',#37,.T.);
#37 = EDGE_LOOP('',(#38,#48,#56,#64));
#38 = ORIENTED_EDGE('',*,*,#39,.T.);
#39 = EDGE_CURVE('',#40,#42,#44,.T.);
#40 = VERTEX_POINT('',#41);
#41 = CARTESIAN_POINT('',(-29.1123989517,-4.130308699769,0.));
#42 = VERTEX_POINT('',#43);
#43 = CARTESIAN_POINT('',(-29.1123989517,-4.130308699769,1.000050800102)
  );
#44 = LINE('',#45,#46);
#45 = CARTESIAN_POINT('',(-29.1123989517,-4.130308699769,0.));
#46 = VECTOR('',#47,1.);
#47 = DIRECTION('',(0.,0.,1.));
#48 = ORIENTED_EDGE('',*,*,#49,.T.);
#49 = EDGE_CURVE('',#42,#50,#52,.T.);
#50 = VERTEX_POINT('',#51);
#51 = CARTESIAN_POINT('',(-25.86975226035,-0.887662008415,1.000050800102
    ));
#52 = LINE('',#53,#54);
#53 = CARTESIAN_POINT('',(-29.1123989517,-4.130308699769,1.000050800102)
  );
#54 = VECTOR('',#55,1.);
#55 = DIRECTION('',(0.707106781187,0.707106781187,0.));
#56 = ORIENTED_EDGE('',*,*,#57,.F.);
#57 = EDGE_CURVE('',#58,#50,#60,.T.);
#58 = VERTEX_POINT('',#59);
#59 = CARTESIAN_POINT('',(-25.86975226035,-0.887662008415,0.));
#60 = LINE('',#61,#62);
#61 = CARTESIAN_POINT('',(-25.86975226035,-0.887662008415,0.));
#62 = VECTOR('',#63,1.);
#63 = DIRECTION('',(0.,0.,1.));
#64 = ORIENTED_EDGE('',*,*,#65,.F.);
#65 = EDGE_CURVE('',#40,#58,#66,.T.);
#66 = LINE('',#67,#68);
#67 = CARTESIAN_POINT('',(-29.1123989517,-4.130308699769,0.));
#68 = VECTOR('',#69,1.);
#69 = DIRECTION('',(0.707106781187,0.707106781187,0.));
#70 = PLANE('',#71);
#71 = AXIS2_PLACEMENT_3D('',#72,#73,#74);
#72 = CARTESIAN_POINT('',(-29.1123989517,-4.130308699769,0.));
#73 = DIRECTION('',(-0.707106781187,0.707106781187,0.));
#74 = DIRECTION('',(0.707106781187,0.707106781187,0.));
#75 = ADVANCED_FACE('',(#76),#103,.T.);
#76 = FACE_BOUND('',#77,.T.);
#77 = EDGE_LOOP('',(#78,#88,#95,#96));
#78 = ORIENTED_EDGE('',*,*,#79,.T.);
#79 = EDGE_CURVE('',#80,#82,#84,.T.);
#80 = VERTEX_POINT('',#81);
#81 = CARTESIAN_POINT('',(-29.98736093472,-6.242651769589,0.));
#82 = VERTEX_POINT('',#83);
#83 = CARTESIAN_POINT('',(-29.98736093472,-6.242651769589,1.000050800102
    ));
#84 = LINE('',#85,#86);
#85 = CARTESIAN_POINT('',(-29.98736093472,-6.242651769589,0.));
#86 = VECTOR('',#87,1.);
#87 = DIRECTION('',(0.,0.,1.));
#88 = ORIENTED_EDGE('',*,*,#89,.T.);
#89 = EDGE_CURVE('',#82,#42,#90,.T.);
#90 = CIRCLE('',#91,2.98730463528);
#91 = AXIS2_PLACEMENT_3D('',#92,#93,#94);
#92 = CARTESIAN_POINT('',(-27.00005629944,-6.242652777656,1.000050800102
    ));
#93 = DIRECTION('',(0.,0.,-1.));
#94 = DIRECTION('',(-1.,3.374504346606E-07,0.));
#95 = ORIENTED_EDGE('',*,*,#39,.F.);
#96 = ORIENTED_EDGE('',*,*,#97,.F.);
#97 = EDGE_CURVE('',#80,#40,#98,.T.);
#98 = CIRCLE('',#99,2.98730463528);
#99 = AXIS2_PLACEMENT_3D('',#100,#101,#102);
#100 = CARTESIAN_POINT('',(-27.00005629944,-6.242652777656,0.));
#101 = DIRECTION('',(0.,0.,-1.));
#102 = DIRECTION('',(-1.,3.374504346606E-07,0.));
#103 = CYLINDRICAL_SURFACE('',#104,2.98730463528);
#104 = AXIS2_PLACEMENT_3D('',#105,#106,#107);
#105 = CARTESIAN_POINT('',(-27.00005629944,-6.242652777656,0.));
#106 = DIRECTION('',(0.,0.,-1.));
#107 = DIRECTION('',(-1.,3.374504346606E-07,0.));
#108 = ADVANCED_FACE('',(#109),#136,.T.);
#109 = FACE_BOUND('',#110,.T.);
#110 = EDGE_LOOP('',(#111,#112,#121,#129));
#111 = ORIENTED_EDGE('',*,*,#57,.T.);
#112 = ORIENTED_EDGE('',*,*,#113,.T.);
#113 = EDGE_CURVE('',#50,#114,#116,.T.);
#114 = VERTEX_POINT('',#115);
#115 = CARTESIAN_POINT('',(-23.75740919053,-1.270002540005E-02,
    1.000050800102));
#116 = CIRCLE('',#117,2.98730463528);
#117 = AXIS2_PLACEMENT_3D('',#118,#119,#120);
#118 = CARTESIAN_POINT('',(-23.75740818246,-3.00000466068,1.000050800102
    ));
#119 = DIRECTION('',(0.,0.,-1.));
#120 = DIRECTION('',(-0.7071070198,0.707106542573,0.));
#121 = ORIENTED_EDGE('',*,*,#122,.F.);
#122 = EDGE_CURVE('',#123,#114,#125,.T.);
#123 = VERTEX_POINT('',#124);
#124 = CARTESIAN_POINT('',(-23.75740919053,-1.270002540005E-02,0.));
#125 = LINE('',#126,#127);
#126 = CARTESIAN_POINT('',(-23.75740919053,-1.270002540005E-02,0.));
#127 = VECTOR('',#128,1.);
#128 = DIRECTION('',(0.,0.,1.));
#129 = ORIENTED_EDGE('',*,*,#130,.F.);
#130 = EDGE_CURVE('',#58,#123,#131,.T.);
#131 = CIRCLE('',#132,2.98730463528);
#132 = AXIS2_PLACEMENT_3D('',#133,#134,#135);
#133 = CARTESIAN_POINT('',(-23.75740818246,-3.00000466068,0.));
#134 = DIRECTION('',(0.,0.,-1.));
#135 = DIRECTION('',(-0.7071070198,0.707106542573,0.));
#136 = CYLINDRICAL_SURFACE('',#137,2.98730463528);
#137 = AXIS2_PLACEMENT_3D('',#138,#139,#140);
#138 = CARTESIAN_POINT('',(-23.75740818246,-3.00000466068,0.));
#139 = DIRECTION('',(0.,0.,-1.));
#140 = DIRECTION('',(-0.7071070198,0.707106542573,0.));
#141 = ADVANCED_FACE('',(#142,#320,#354,#408,#442,#496,#550,#604),#658,
  .T.);
#142 = FACE_BOUND('',#143,.T.);
#143 = EDGE_LOOP('',(#144,#145,#146,#154,#162,#171,#179,#187,#195,#204,
    #212,#221,#229,#237,#245,#254,#262,#270,#279,#287,#296,#304,#313,
    #319));
#144 = ORIENTED_EDGE('',*,*,#65,.T.);
#145 = ORIENTED_EDGE('',*,*,#130,.T.);
#146 = ORIENTED_EDGE('',*,*,#147,.T.);
#147 = EDGE_CURVE('',#123,#148,#150,.T.);
#148 = VERTEX_POINT('',#149);
#149 = CARTESIAN_POINT('',(-1.270002540005E-02,-1.270002540005E-02,0.));
#150 = LINE('',#151,#152);
#151 = CARTESIAN_POINT('',(-23.75740919053,-1.270002540005E-02,0.));
#152 = VECTOR('',#153,1.);
#153 = DIRECTION('',(1.,-6.195255951117E-17,0.));
#154 = ORIENTED_EDGE('',*,*,#155,.T.);
#155 = EDGE_CURVE('',#148,#156,#158,.T.);
#156 = VERTEX_POINT('',#157);
#157 = CARTESIAN_POINT('',(-1.270002540005E-02,-2.75000508001,0.));
#158 = LINE('',#159,#160);
#159 = CARTESIAN_POINT('',(-1.270002540005E-02,-1.270002540005E-02,0.));
#160 = VECTOR('',#161,1.);
#161 = DIRECTION('',(6.02047367502E-17,-1.,0.));
#162 = ORIENTED_EDGE('',*,*,#163,.T.);
#163 = EDGE_CURVE('',#156,#164,#166,.T.);
#164 = VERTEX_POINT('',#165);
#165 = CARTESIAN_POINT('',(-1.704033766868E-17,-2.76270510541,0.));
#166 = CIRCLE('',#167,1.270002540005E-02);
#167 = AXIS2_PLACEMENT_3D('',#168,#169,#170);
#168 = CARTESIAN_POINT('',(9.280770596476E-17,-2.75000508001,0.));
#169 = DIRECTION('',(0.,0.,1.));
#170 = DIRECTION('',(-1.,-4.92584616409E-15,0.));
#171 = ORIENTED_EDGE('',*,*,#172,.T.);
#172 = EDGE_CURVE('',#164,#173,#175,.T.);
#173 = VERTEX_POINT('',#174);
#174 = CARTESIAN_POINT('',(0.987302514605,-2.76270510541,0.));
#175 = LINE('',#176,#177);
#176 = CARTESIAN_POINT('',(-1.665079515717E-17,-2.76270510541,0.));
#177 = VECTOR('',#178,1.);
#178 = DIRECTION('',(1.,0.,0.));
#179 = ORIENTED_EDGE('',*,*,#180,.T.);
#180 = EDGE_CURVE('',#173,#181,#183,.T.);
#181 = VERTEX_POINT('',#182);
#182 = CARTESIAN_POINT('',(0.987302514605,-5.63731013462,0.));
#183 = LINE('',#184,#185);
#184 = CARTESIAN_POINT('',(0.987302514605,-2.76270510541,0.));
#185 = VECTOR('',#186,1.);
#186 = DIRECTION('',(3.862175893188E-17,-1.,0.));
#187 = ORIENTED_EDGE('',*,*,#188,.T.);
#188 = EDGE_CURVE('',#181,#189,#191,.T.);
#189 = VERTEX_POINT('',#190);
#190 = CARTESIAN_POINT('',(0.,-5.63731013462,0.));
#191 = LINE('',#192,#193);
#192 = CARTESIAN_POINT('',(0.987302514605,-5.63731013462,0.));
#193 = VECTOR('',#194,1.);
#194 = DIRECTION('',(-1.,0.,0.));
#195 = ORIENTED_EDGE('',*,*,#196,.T.);
#196 = EDGE_CURVE('',#189,#197,#199,.T.);
#197 = VERTEX_POINT('',#198);
#198 = CARTESIAN_POINT('',(-1.270002540005E-02,-5.65001016002,0.));
#199 = CIRCLE('',#200,1.270002540005E-02);
#200 = AXIS2_PLACEMENT_3D('',#201,#202,#203);
#201 = CARTESIAN_POINT('',(-6.607888384392E-17,-5.65001016002,0.));
#202 = DIRECTION('',(0.,0.,1.));
#203 = DIRECTION('',(5.215601820801E-15,1.,-0.));
#204 = ORIENTED_EDGE('',*,*,#205,.T.);
#205 = EDGE_CURVE('',#197,#206,#208,.T.);
#206 = VERTEX_POINT('',#207);
#207 = CARTESIAN_POINT('',(-1.270002540005E-02,-23.75004826009,0.));
#208 = LINE('',#209,#210);
#209 = CARTESIAN_POINT('',(-1.270002540005E-02,-5.65001016002,0.));
#210 = VECTOR('',#211,1.);
#211 = DIRECTION('',(6.114647778938E-17,-1.,0.));
#212 = ORIENTED_EDGE('',*,*,#213,.T.);
#213 = EDGE_CURVE('',#206,#214,#216,.T.);
#214 = VERTEX_POINT('',#215);
#215 = CARTESIAN_POINT('',(-3.488131849066E-18,-23.76274828549,0.));
#216 = CIRCLE('',#217,1.270002540005E-02);
#217 = AXIS2_PLACEMENT_3D('',#218,#219,#220);
#218 = CARTESIAN_POINT('',(2.202665133622E-15,-23.75004826009,0.));
#219 = DIRECTION('',(0.,0.,1.));
#220 = DIRECTION('',(-1.,-2.369235419709E-13,0.));
#221 = ORIENTED_EDGE('',*,*,#222,.T.);
#222 = EDGE_CURVE('',#214,#223,#225,.T.);
#223 = VERTEX_POINT('',#224);
#224 = CARTESIAN_POINT('',(0.987302514605,-23.76274828549,0.));
#225 = LINE('',#226,#227);
#226 = CARTESIAN_POINT('',(-3.670283637395E-18,-23.76274828549,0.));
#227 = VECTOR('',#228,1.);
#228 = DIRECTION('',(1.,0.,0.));
#229 = ORIENTED_EDGE('',*,*,#230,.T.);
#230 = EDGE_CURVE('',#223,#231,#233,.T.);
#231 = VERTEX_POINT('',#232);
#232 = CARTESIAN_POINT('',(0.987302514605,-26.6373533147,0.));
#233 = LINE('',#234,#235);
#234 = CARTESIAN_POINT('',(0.987302514605,-23.76274828549,0.));
#235 = VECTOR('',#236,1.);
#236 = DIRECTION('',(3.862175893188E-17,-1.,0.));
#237 = ORIENTED_EDGE('',*,*,#238,.T.);
#238 = EDGE_CURVE('',#231,#239,#241,.T.);
#239 = VERTEX_POINT('',#240);
#240 = CARTESIAN_POINT('',(0.,-26.6373533147,0.));
#241 = LINE('',#242,#243);
#242 = CARTESIAN_POINT('',(0.987302514605,-26.6373533147,0.));
#243 = VECTOR('',#244,1.);
#244 = DIRECTION('',(-1.,0.,0.));
#245 = ORIENTED_EDGE('',*,*,#246,.T.);
#246 = EDGE_CURVE('',#239,#247,#249,.T.);
#247 = VERTEX_POINT('',#248);
#248 = CARTESIAN_POINT('',(-1.270002540005E-02,-26.6500533401,0.));
#249 = CIRCLE('',#250,1.270002540005E-02);
#250 = AXIS2_PLACEMENT_3D('',#251,#252,#253);
#251 = CARTESIAN_POINT('',(-6.607888384392E-17,-26.6500533401,0.));
#252 = DIRECTION('',(0.,0.,1.));
#253 = DIRECTION('',(5.215601820801E-15,1.,-0.));
#254 = ORIENTED_EDGE('',*,*,#255,.T.);
#255 = EDGE_CURVE('',#247,#256,#258,.T.);
#256 = VERTEX_POINT('',#257);
#257 = CARTESIAN_POINT('',(-1.270002540005E-02,-29.38735839471,0.));
#258 = LINE('',#259,#260);
#259 = CARTESIAN_POINT('',(-1.270002540005E-02,-26.6500533401,0.));
#260 = VECTOR('',#261,1.);
#261 = DIRECTION('',(6.02047367502E-17,-1.,0.));
#262 = ORIENTED_EDGE('',*,*,#263,.T.);
#263 = EDGE_CURVE('',#256,#264,#266,.T.);
#264 = VERTEX_POINT('',#265);
#265 = CARTESIAN_POINT('',(-2.50000508001,-29.38735839471,0.));
#266 = LINE('',#267,#268);
#267 = CARTESIAN_POINT('',(-1.270002540005E-02,-29.38735839471,0.));
#268 = VECTOR('',#269,1.);
#269 = DIRECTION('',(-1.,0.,0.));
#270 = ORIENTED_EDGE('',*,*,#271,.T.);
#271 = EDGE_CURVE('',#264,#272,#274,.T.);
#272 = VERTEX_POINT('',#273);
#273 = CARTESIAN_POINT('',(-5.01271018542,-31.90006350012,0.));
#274 = CIRCLE('',#275,2.51270510541);
#275 = AXIS2_PLACEMENT_3D('',#276,#277,#278);
#276 = CARTESIAN_POINT('',(-2.50000508001,-31.90006350012,0.));
#277 = DIRECTION('',(0.,0.,1.));
#278 = DIRECTION('',(-2.062042657732E-15,1.,0.));
#279 = ORIENTED_EDGE('',*,*,#280,.T.);
#280 = EDGE_CURVE('',#272,#281,#283,.T.);
#281 = VERTEX_POINT('',#282);
#282 = CARTESIAN_POINT('',(-5.01271018542,-34.70180595933,0.));
#283 = LINE('',#284,#285);
#284 = CARTESIAN_POINT('',(-5.01271018542,-31.90006350012,0.));
#285 = VECTOR('',#286,1.);
#286 = DIRECTION('',(3.170093014011E-15,-1.,0.));
#287 = ORIENTED_EDGE('',*,*,#288,.T.);
#288 = EDGE_CURVE('',#281,#289,#291,.T.);
#289 = VERTEX_POINT('',#290);
#290 = CARTESIAN_POINT('',(-6.252026239818,-35.65640495217,0.));
#291 = CIRCLE('',#292,0.987303108479);
#292 = AXIS2_PLACEMENT_3D('',#293,#294,#295);
#293 = CARTESIAN_POINT('',(-6.000013293898,-34.70180718185,0.));
#294 = DIRECTION('',(0.,0.,-1.));
#295 = DIRECTION('',(0.999999999999,1.238243006783E-06,0.));
#296 = ORIENTED_EDGE('',*,*,#297,.T.);
#297 = EDGE_CURVE('',#289,#298,#300,.T.);
#298 = VERTEX_POINT('',#299);
#299 = CARTESIAN_POINT('',(-27.7625799451,-29.97761907878,0.));
#300 = LINE('',#301,#302);
#301 = CARTESIAN_POINT('',(-6.252026239818,-35.65640495217,0.));
#302 = VECTOR('',#303,1.);
#303 = DIRECTION('',(-0.966873852488,0.255254683356,0.));
#304 = ORIENTED_EDGE('',*,*,#305,.T.);
#305 = EDGE_CURVE('',#298,#306,#308,.T.);
#306 = VERTEX_POINT('',#307);
#307 = CARTESIAN_POINT('',(-29.98736093472,-27.08927101918,0.));
#308 = CIRCLE('',#309,2.987306200931);
#309 = AXIS2_PLACEMENT_3D('',#310,#311,#312);
#310 = CARTESIAN_POINT('',(-27.00005473379,-27.08927117033,0.));
#311 = DIRECTION('',(0.,0.,-1.));
#312 = DIRECTION('',(-0.25525512285,-0.966873736461,-0.));
#313 = ORIENTED_EDGE('',*,*,#314,.T.);
#314 = EDGE_CURVE('',#306,#80,#315,.T.);
#315 = LINE('',#316,#317);
#316 = CARTESIAN_POINT('',(-29.98736093472,-27.08927101918,0.));
#317 = VECTOR('',#318,1.);
#318 = DIRECTION('',(5.112647239724E-16,1.,0.));
#319 = ORIENTED_EDGE('',*,*,#97,.T.);
#320 = FACE_BOUND('',#321,.T.);
#321 = EDGE_LOOP('',(#322,#332,#340,#348));
#322 = ORIENTED_EDGE('',*,*,#323,.F.);
#323 = EDGE_CURVE('',#324,#326,#328,.T.);
#324 = VERTEX_POINT('',#325);
#325 = CARTESIAN_POINT('',(-8.00001524003,-28.40005588011,0.));
#326 = VERTEX_POINT('',#327);
#327 = CARTESIAN_POINT('',(-5.00001016002,-28.40005588011,0.));
#328 = LINE('',#329,#330);
#329 = CARTESIAN_POINT('',(-8.00001524003,-28.40005588011,0.));
#330 = VECTOR('',#331,1.);
#331 = DIRECTION('',(1.,0.,0.));
#332 = ORIENTED_EDGE('',*,*,#333,.F.);
#333 = EDGE_CURVE('',#334,#324,#336,.T.);
#334 = VERTEX_POINT('',#335);
#335 = CARTESIAN_POINT('',(-8.00001524003,-29.40005842011,0.));
#336 = LINE('',#337,#338);
#337 = CARTESIAN_POINT('',(-8.00001524003,-29.40005842011,0.));
#338 = VECTOR('',#339,1.);
#339 = DIRECTION('',(0.,1.,0.));
#340 = ORIENTED_EDGE('',*,*,#341,.F.);
#341 = EDGE_CURVE('',#342,#334,#344,.T.);
#342 = VERTEX_POINT('',#343);
#343 = CARTESIAN_POINT('',(-5.00001016002,-29.40005842011,0.));
#344 = LINE('',#345,#346);
#345 = CARTESIAN_POINT('',(-5.00001016002,-29.40005842011,0.));
#346 = VECTOR('',#347,1.);
#347 = DIRECTION('',(-1.,0.,0.));
#348 = ORIENTED_EDGE('',*,*,#349,.F.);
#349 = EDGE_CURVE('',#326,#342,#350,.T.);
#350 = LINE('',#351,#352);
#351 = CARTESIAN_POINT('',(-5.00001016002,-28.40005588011,0.));
#352 = VECTOR('',#353,1.);
#353 = DIRECTION('',(0.,-1.,0.));
#354 = FACE_BOUND('',#355,.T.);
#355 = EDGE_LOOP('',(#356,#367,#376,#384,#393,#402));
#356 = ORIENTED_EDGE('',*,*,#357,.F.);
#357 = EDGE_CURVE('',#358,#360,#362,.T.);
#358 = VERTEX_POINT('',#359);
#359 = CARTESIAN_POINT('',(-15.29292444282,-21.69276516855,0.));
#360 = VERTEX_POINT('',#361);
#361 = CARTESIAN_POINT('',(-15.29292444282,-20.27854801407,0.));
#362 = CIRCLE('',#363,1.000002540005);
#363 = AXIS2_PLACEMENT_3D('',#364,#365,#366);
#364 = CARTESIAN_POINT('',(-14.58581586558,-20.98565659131,0.));
#365 = DIRECTION('',(0.,0.,-1.));
#366 = DIRECTION('',(-0.707106781187,-0.707106781187,-0.));
#367 = ORIENTED_EDGE('',*,*,#368,.F.);
#368 = EDGE_CURVE('',#369,#358,#371,.T.);
#369 = VERTEX_POINT('',#370);
#370 = CARTESIAN_POINT('',(-13.87870728834,-21.69276516855,0.));
#371 = CIRCLE('',#372,1.000002540005);
#372 = AXIS2_PLACEMENT_3D('',#373,#374,#375);
#373 = CARTESIAN_POINT('',(-14.58581586558,-20.98565659131,0.));
#374 = DIRECTION('',(-0.,0.,-1.));
#375 = DIRECTION('',(0.707106781187,-0.707106781187,-0.));
#376 = ORIENTED_EDGE('',*,*,#377,.F.);
#377 = EDGE_CURVE('',#378,#369,#380,.T.);
#378 = VERTEX_POINT('',#379);
#379 = CARTESIAN_POINT('',(-8.221842262521,-16.03590014273,0.));
#380 = LINE('',#381,#382);
#381 = CARTESIAN_POINT('',(-8.221842262521,-16.03590014273,0.));
#382 = VECTOR('',#383,1.);
#383 = DIRECTION('',(-0.707106781187,-0.707106781187,0.));
#384 = ORIENTED_EDGE('',*,*,#385,.F.);
#385 = EDGE_CURVE('',#386,#378,#388,.T.);
#386 = VERTEX_POINT('',#387);
#387 = CARTESIAN_POINT('',(-8.221842262521,-14.62168298825,0.));
#388 = CIRCLE('',#389,1.000002540005);
#389 = AXIS2_PLACEMENT_3D('',#390,#391,#392);
#390 = CARTESIAN_POINT('',(-8.928950839762,-15.32879156549,0.));
#391 = DIRECTION('',(0.,0.,-1.));
#392 = DIRECTION('',(0.707106781187,0.707106781187,0.));
#393 = ORIENTED_EDGE('',*,*,#394,.F.);
#394 = EDGE_CURVE('',#395,#386,#397,.T.);
#395 = VERTEX_POINT('',#396);
#396 = CARTESIAN_POINT('',(-9.636059417003,-14.62168298825,0.));
#397 = CIRCLE('',#398,1.000002540005);
#398 = AXIS2_PLACEMENT_3D('',#399,#400,#401);
#399 = CARTESIAN_POINT('',(-8.928950839762,-15.32879156549,0.));
#400 = DIRECTION('',(0.,0.,-1.));
#401 = DIRECTION('',(-0.707106781187,0.707106781187,0.));
#402 = ORIENTED_EDGE('',*,*,#403,.F.);
#403 = EDGE_CURVE('',#360,#395,#404,.T.);
#404 = LINE('',#405,#406);
#405 = CARTESIAN_POINT('',(-15.29292444282,-20.27854801407,0.));
#406 = VECTOR('',#407,1.);
#407 = DIRECTION('',(0.707106781187,0.707106781187,0.));
#408 = FACE_BOUND('',#409,.T.);
#409 = EDGE_LOOP('',(#410,#420,#428,#436));
#410 = ORIENTED_EDGE('',*,*,#411,.F.);
#411 = EDGE_CURVE('',#412,#414,#416,.T.);
#412 = VERTEX_POINT('',#413);
#413 = CARTESIAN_POINT('',(-20.00004064008,-28.40005588011,0.));
#414 = VERTEX_POINT('',#415);
#415 = CARTESIAN_POINT('',(-17.00003556007,-28.40005588011,0.));
#416 = LINE('',#417,#418);
#417 = CARTESIAN_POINT('',(-20.00004064008,-28.40005588011,0.));
#418 = VECTOR('',#419,1.);
#419 = DIRECTION('',(1.,0.,0.));
#420 = ORIENTED_EDGE('',*,*,#421,.F.);
#421 = EDGE_CURVE('',#422,#412,#424,.T.);
#422 = VERTEX_POINT('',#423);
#423 = CARTESIAN_POINT('',(-20.00004064008,-29.40005842011,0.));
#424 = LINE('',#425,#426);
#425 = CARTESIAN_POINT('',(-20.00004064008,-29.40005842011,0.));
#426 = VECTOR('',#427,1.);
#427 = DIRECTION('',(0.,1.,0.));
#428 = ORIENTED_EDGE('',*,*,#429,.F.);
#429 = EDGE_CURVE('',#430,#422,#432,.T.);
#430 = VERTEX_POINT('',#431);
#431 = CARTESIAN_POINT('',(-17.00003556007,-29.40005842011,0.));
#432 = LINE('',#433,#434);
#433 = CARTESIAN_POINT('',(-17.00003556007,-29.40005842011,0.));
#434 = VECTOR('',#435,1.);
#435 = DIRECTION('',(-1.,0.,0.));
#436 = ORIENTED_EDGE('',*,*,#437,.F.);
#437 = EDGE_CURVE('',#414,#430,#438,.T.);
#438 = LINE('',#439,#440);
#439 = CARTESIAN_POINT('',(-17.00003556007,-28.40005588011,0.));
#440 = VECTOR('',#441,1.);
#441 = DIRECTION('',(0.,-1.,0.));
#442 = FACE_BOUND('',#443,.T.);
#443 = EDGE_LOOP('',(#444,#455,#464,#472,#481,#490));
#444 = ORIENTED_EDGE('',*,*,#445,.F.);
#445 = EDGE_CURVE('',#446,#448,#450,.T.);
#446 = VERTEX_POINT('',#447);
#447 = CARTESIAN_POINT('',(-19.79293206284,-20.70277024856,0.));
#448 = VERTEX_POINT('',#449);
#449 = CARTESIAN_POINT('',(-19.79293206284,-19.28855309408,0.));
#450 = CIRCLE('',#451,1.000002540005);
#451 = AXIS2_PLACEMENT_3D('',#452,#453,#454);
#452 = CARTESIAN_POINT('',(-19.08582348559,-19.99566167132,0.));
#453 = DIRECTION('',(0.,0.,-1.));
#454 = DIRECTION('',(-0.707106781187,-0.707106781187,-0.));
#455 = ORIENTED_EDGE('',*,*,#456,.F.);
#456 = EDGE_CURVE('',#457,#446,#459,.T.);
#457 = VERTEX_POINT('',#458);
#458 = CARTESIAN_POINT('',(-18.37871490835,-20.70277024856,0.));
#459 = CIRCLE('',#460,1.000002540005);
#460 = AXIS2_PLACEMENT_3D('',#461,#462,#463);
#461 = CARTESIAN_POINT('',(-19.08582348559,-19.99566167132,0.));
#462 = DIRECTION('',(-0.,0.,-1.));
#463 = DIRECTION('',(0.707106781187,-0.707106781187,-0.));
#464 = ORIENTED_EDGE('',*,*,#465,.F.);
#465 = EDGE_CURVE('',#466,#457,#468,.T.);
#466 = VERTEX_POINT('',#467);
#467 = CARTESIAN_POINT('',(-9.186308792384,-11.51036413259,0.));
#468 = LINE('',#469,#470);
#469 = CARTESIAN_POINT('',(-9.186308792384,-11.51036413259,0.));
#470 = VECTOR('',#471,1.);
#471 = DIRECTION('',(-0.707106781187,-0.707106781187,0.));
#472 = ORIENTED_EDGE('',*,*,#473,.F.);
#473 = EDGE_CURVE('',#474,#466,#476,.T.);
#474 = VERTEX_POINT('',#475);
#475 = CARTESIAN_POINT('',(-9.186308792384,-10.0961469781,0.));
#476 = CIRCLE('',#477,1.000002540005);
#477 = AXIS2_PLACEMENT_3D('',#478,#479,#480);
#478 = CARTESIAN_POINT('',(-9.893417369625,-10.80325555535,0.));
#479 = DIRECTION('',(0.,0.,-1.));
#480 = DIRECTION('',(0.707106781187,0.707106781187,0.));
#481 = ORIENTED_EDGE('',*,*,#482,.F.);
#482 = EDGE_CURVE('',#483,#474,#485,.T.);
#483 = VERTEX_POINT('',#484);
#484 = CARTESIAN_POINT('',(-10.60052594686,-10.0961469781,0.));
#485 = CIRCLE('',#486,1.000002540005);
#486 = AXIS2_PLACEMENT_3D('',#487,#488,#489);
#487 = CARTESIAN_POINT('',(-9.893417369625,-10.80325555535,0.));
#488 = DIRECTION('',(0.,0.,-1.));
#489 = DIRECTION('',(-0.707106781187,0.707106781187,0.));
#490 = ORIENTED_EDGE('',*,*,#491,.F.);
#491 = EDGE_CURVE('',#448,#483,#492,.T.);
#492 = LINE('',#493,#494);
#493 = CARTESIAN_POINT('',(-19.79293206284,-19.28855309408,0.));
#494 = VECTOR('',#495,1.);
#495 = DIRECTION('',(0.707106781187,0.707106781187,0.));
#496 = FACE_BOUND('',#497,.T.);
#497 = EDGE_LOOP('',(#498,#509,#518,#526,#535,#544));
#498 = ORIENTED_EDGE('',*,*,#499,.F.);
#499 = EDGE_CURVE('',#500,#502,#504,.T.);
#500 = VERTEX_POINT('',#501);
#501 = CARTESIAN_POINT('',(-24.29294222286,-19.47342810988,0.));
#502 = VERTEX_POINT('',#503);
#503 = CARTESIAN_POINT('',(-24.29294222286,-18.05921095539,0.));
#504 = CIRCLE('',#505,1.000002540005);
#505 = AXIS2_PLACEMENT_3D('',#506,#507,#508);
#506 = CARTESIAN_POINT('',(-23.58583364561,-18.76631953263,0.));
#507 = DIRECTION('',(0.,0.,-1.));
#508 = DIRECTION('',(-0.707106781187,-0.707106781187,-0.));
#509 = ORIENTED_EDGE('',*,*,#510,.F.);
#510 = EDGE_CURVE('',#511,#500,#513,.T.);
#511 = VERTEX_POINT('',#512);
#512 = CARTESIAN_POINT('',(-22.87872506837,-19.47342810988,0.));
#513 = CIRCLE('',#514,1.000002540005);
#514 = AXIS2_PLACEMENT_3D('',#515,#516,#517);
#515 = CARTESIAN_POINT('',(-23.58583364561,-18.76631953263,0.));
#516 = DIRECTION('',(-0.,0.,-1.));
#517 = DIRECTION('',(0.707106781187,-0.707106781187,-0.));
#518 = ORIENTED_EDGE('',*,*,#519,.F.);
#519 = EDGE_CURVE('',#520,#511,#522,.T.);
#520 = VERTEX_POINT('',#521);
#521 = CARTESIAN_POINT('',(-10.15077786225,-6.745480903755,0.));
#522 = LINE('',#523,#524);
#523 = CARTESIAN_POINT('',(-10.15077786225,-6.745480903755,0.));
#524 = VECTOR('',#525,1.);
#525 = DIRECTION('',(-0.707106781187,-0.707106781187,0.));
#526 = ORIENTED_EDGE('',*,*,#527,.F.);
#527 = EDGE_CURVE('',#528,#520,#530,.T.);
#528 = VERTEX_POINT('',#529);
#529 = CARTESIAN_POINT('',(-10.15077786225,-5.331263749272,0.));
#530 = CIRCLE('',#531,1.000002540005);
#531 = AXIS2_PLACEMENT_3D('',#532,#533,#534);
#532 = CARTESIAN_POINT('',(-10.85788643949,-6.038372326514,0.));
#533 = DIRECTION('',(0.,0.,-1.));
#534 = DIRECTION('',(0.707106781187,0.707106781187,0.));
#535 = ORIENTED_EDGE('',*,*,#536,.F.);
#536 = EDGE_CURVE('',#537,#528,#539,.T.);
#537 = VERTEX_POINT('',#538);
#538 = CARTESIAN_POINT('',(-11.56499501673,-5.331263749272,0.));
#539 = CIRCLE('',#540,1.000002540005);
#540 = AXIS2_PLACEMENT_3D('',#541,#542,#543);
#541 = CARTESIAN_POINT('',(-10.85788643949,-6.038372326514,0.));
#542 = DIRECTION('',(0.,0.,-1.));
#543 = DIRECTION('',(-0.707106781187,0.707106781187,0.));
#544 = ORIENTED_EDGE('',*,*,#545,.F.);
#545 = EDGE_CURVE('',#502,#537,#546,.T.);
#546 = LINE('',#547,#548);
#547 = CARTESIAN_POINT('',(-24.29294222286,-18.05921095539,0.));
#548 = VECTOR('',#549,1.);
#549 = DIRECTION('',(0.707106781187,0.707106781187,0.));
#550 = FACE_BOUND('',#551,.T.);
#551 = EDGE_LOOP('',(#552,#563,#572,#580,#589,#598));
#552 = ORIENTED_EDGE('',*,*,#553,.F.);
#553 = EDGE_CURVE('',#554,#556,#558,.T.);
#554 = VERTEX_POINT('',#555);
#555 = CARTESIAN_POINT('',(-25.29294222286,-15.08827189956,0.));
#556 = VERTEX_POINT('',#557);
#557 = CARTESIAN_POINT('',(-25.29294222286,-13.67405474508,0.));
#558 = CIRCLE('',#559,1.000002540005);
#559 = AXIS2_PLACEMENT_3D('',#560,#561,#562);
#560 = CARTESIAN_POINT('',(-24.58583364561,-14.38116332232,0.));
#561 = DIRECTION('',(0.,0.,-1.));
#562 = DIRECTION('',(-0.707106781187,-0.707106781187,-0.));
#563 = ORIENTED_EDGE('',*,*,#564,.F.);
#564 = EDGE_CURVE('',#565,#554,#567,.T.);
#565 = VERTEX_POINT('',#566);
#566 = CARTESIAN_POINT('',(-23.87872506837,-15.08827189956,0.));
#567 = CIRCLE('',#568,1.000002540005);
#568 = AXIS2_PLACEMENT_3D('',#569,#570,#571);
#569 = CARTESIAN_POINT('',(-24.58583364561,-14.38116332232,0.));
#570 = DIRECTION('',(0.,0.,-1.));
#571 = DIRECTION('',(0.707106781187,-0.707106781187,0.));
#572 = ORIENTED_EDGE('',*,*,#573,.F.);
#573 = EDGE_CURVE('',#574,#565,#576,.T.);
#574 = VERTEX_POINT('',#575);
#575 = CARTESIAN_POINT('',(-14.6863189524,-5.895865783595,0.));
#576 = LINE('',#577,#578);
#577 = CARTESIAN_POINT('',(-14.6863189524,-5.895865783595,0.));
#578 = VECTOR('',#579,1.);
#579 = DIRECTION('',(-0.707106781187,-0.707106781187,0.));
#580 = ORIENTED_EDGE('',*,*,#581,.F.);
#581 = EDGE_CURVE('',#582,#574,#584,.T.);
#582 = VERTEX_POINT('',#583);
#583 = CARTESIAN_POINT('',(-14.6863189524,-4.481648629112,0.));
#584 = CIRCLE('',#585,1.000002540005);
#585 = AXIS2_PLACEMENT_3D('',#586,#587,#588);
#586 = CARTESIAN_POINT('',(-15.39342752964,-5.188757206353,0.));
#587 = DIRECTION('',(0.,0.,-1.));
#588 = DIRECTION('',(0.707106781187,0.707106781187,0.));
#589 = ORIENTED_EDGE('',*,*,#590,.F.);
#590 = EDGE_CURVE('',#591,#582,#593,.T.);
#591 = VERTEX_POINT('',#592);
#592 = CARTESIAN_POINT('',(-16.10053610688,-4.481648629112,0.));
#593 = CIRCLE('',#594,1.000002540005);
#594 = AXIS2_PLACEMENT_3D('',#595,#596,#597);
#595 = CARTESIAN_POINT('',(-15.39342752964,-5.188757206353,0.));
#596 = DIRECTION('',(0.,0.,-1.));
#597 = DIRECTION('',(-0.707106781187,0.707106781187,0.));
#598 = ORIENTED_EDGE('',*,*,#599,.F.);
#599 = EDGE_CURVE('',#556,#591,#600,.T.);
#600 = LINE('',#601,#602);
#601 = CARTESIAN_POINT('',(-25.29294222286,-13.67405474508,0.));
#602 = VECTOR('',#603,1.);
#603 = DIRECTION('',(0.707106781187,0.707106781187,0.));
#604 = FACE_BOUND('',#605,.T.);
#605 = EDGE_LOOP('',(#606,#617,#626,#634,#643,#652));
#606 = ORIENTED_EDGE('',*,*,#607,.F.);
#607 = EDGE_CURVE('',#608,#610,#612,.T.);
#608 = VERTEX_POINT('',#609);
#609 = CARTESIAN_POINT('',(-26.29294476286,-10.10805599913,0.));
#610 = VERTEX_POINT('',#611);
#611 = CARTESIAN_POINT('',(-26.29294476286,-8.693838844653,0.));
#612 = CIRCLE('',#613,1.000002540005);
#613 = AXIS2_PLACEMENT_3D('',#614,#615,#616);
#614 = CARTESIAN_POINT('',(-25.58583618562,-9.400947421895,0.));
#615 = DIRECTION('',(0.,0.,-1.));
#616 = DIRECTION('',(-0.707106781187,-0.707106781187,-0.));
#617 = ORIENTED_EDGE('',*,*,#618,.F.);
#618 = EDGE_CURVE('',#619,#608,#621,.T.);
#619 = VERTEX_POINT('',#620);
#620 = CARTESIAN_POINT('',(-24.87872760838,-10.10805599913,0.));
#621 = CIRCLE('',#622,1.000002540005);
#622 = AXIS2_PLACEMENT_3D('',#623,#624,#625);
#623 = CARTESIAN_POINT('',(-25.58583618562,-9.400947421895,0.));
#624 = DIRECTION('',(-0.,0.,-1.));
#625 = DIRECTION('',(0.707106781187,-0.707106781187,-0.));
#626 = ORIENTED_EDGE('',*,*,#627,.F.);
#627 = EDGE_CURVE('',#628,#619,#630,.T.);
#628 = VERTEX_POINT('',#629);
#629 = CARTESIAN_POINT('',(-19.22186258256,-4.451190973315,0.));
#630 = LINE('',#631,#632);
#631 = CARTESIAN_POINT('',(-19.22186258256,-4.451190973315,0.));
#632 = VECTOR('',#633,1.);
#633 = DIRECTION('',(-0.707106781187,-0.707106781187,0.));
#634 = ORIENTED_EDGE('',*,*,#635,.F.);
#635 = EDGE_CURVE('',#636,#628,#638,.T.);
#636 = VERTEX_POINT('',#637);
#637 = CARTESIAN_POINT('',(-19.22186258256,-3.036973818832,0.));
#638 = CIRCLE('',#639,1.000002540005);
#639 = AXIS2_PLACEMENT_3D('',#640,#641,#642);
#640 = CARTESIAN_POINT('',(-19.9289711598,-3.744082396074,0.));
#641 = DIRECTION('',(0.,0.,-1.));
#642 = DIRECTION('',(0.707106781187,0.707106781187,0.));
#643 = ORIENTED_EDGE('',*,*,#644,.F.);
#644 = EDGE_CURVE('',#645,#636,#647,.T.);
#645 = VERTEX_POINT('',#646);
#646 = CARTESIAN_POINT('',(-20.63607973704,-3.036973818832,0.));
#647 = CIRCLE('',#648,1.000002540005);
#648 = AXIS2_PLACEMENT_3D('',#649,#650,#651);
#649 = CARTESIAN_POINT('',(-19.9289711598,-3.744082396074,0.));
#650 = DIRECTION('',(0.,0.,-1.));
#651 = DIRECTION('',(-0.707106781187,0.707106781187,0.));
#652 = ORIENTED_EDGE('',*,*,#653,.F.);
#653 = EDGE_CURVE('',#610,#645,#654,.T.);
#654 = LINE('',#655,#656);
#655 = CARTESIAN_POINT('',(-26.29294476286,-8.693838844653,0.));
#656 = VECTOR('',#657,1.);
#657 = DIRECTION('',(0.707106781187,0.707106781187,0.));
#658 = PLANE('',#659);
#659 = AXIS2_PLACEMENT_3D('',#660,#661,#662);
#660 = CARTESIAN_POINT('',(-13.58085234135,-16.5055850558,0.));
#661 = DIRECTION('',(-0.,-0.,-1.));
#662 = DIRECTION('',(-1.,0.,0.));
#663 = ADVANCED_FACE('',(#664,#842,#876,#930,#964,#1018,#1072,#1126),
  #1180,.F.);
#664 = FACE_BOUND('',#665,.F.);
#665 = EDGE_LOOP('',(#666,#667,#668,#676,#684,#693,#701,#709,#717,#726,
    #734,#743,#751,#759,#767,#776,#784,#792,#801,#809,#818,#826,#835,
    #841));
#666 = ORIENTED_EDGE('',*,*,#49,.T.);
#667 = ORIENTED_EDGE('',*,*,#113,.T.);
#668 = ORIENTED_EDGE('',*,*,#669,.T.);
#669 = EDGE_CURVE('',#114,#670,#672,.T.);
#670 = VERTEX_POINT('',#671);
#671 = CARTESIAN_POINT('',(-1.270002540005E-02,-1.270002540005E-02,
    1.000050800102));
#672 = LINE('',#673,#674);
#673 = CARTESIAN_POINT('',(-23.75740919053,-1.270002540005E-02,
    1.000050800102));
#674 = VECTOR('',#675,1.);
#675 = DIRECTION('',(1.,-6.195255951117E-17,0.));
#676 = ORIENTED_EDGE('',*,*,#677,.T.);
#677 = EDGE_CURVE('',#670,#678,#680,.T.);
#678 = VERTEX_POINT('',#679);
#679 = CARTESIAN_POINT('',(-1.270002540005E-02,-2.75000508001,
    1.000050800102));
#680 = LINE('',#681,#682);
#681 = CARTESIAN_POINT('',(-1.270002540005E-02,-1.270002540005E-02,
    1.000050800102));
#682 = VECTOR('',#683,1.);
#683 = DIRECTION('',(6.02047367502E-17,-1.,0.));
#684 = ORIENTED_EDGE('',*,*,#685,.T.);
#685 = EDGE_CURVE('',#678,#686,#688,.T.);
#686 = VERTEX_POINT('',#687);
#687 = CARTESIAN_POINT('',(-1.704033766868E-17,-2.76270510541,
    1.000050800102));
#688 = CIRCLE('',#689,1.270002540005E-02);
#689 = AXIS2_PLACEMENT_3D('',#690,#691,#692);
#690 = CARTESIAN_POINT('',(9.280770596476E-17,-2.75000508001,
    1.000050800102));
#691 = DIRECTION('',(0.,0.,1.));
#692 = DIRECTION('',(-1.,-4.92584616409E-15,0.));
#693 = ORIENTED_EDGE('',*,*,#694,.T.);
#694 = EDGE_CURVE('',#686,#695,#697,.T.);
#695 = VERTEX_POINT('',#696);
#696 = CARTESIAN_POINT('',(0.987302514605,-2.76270510541,1.000050800102)
  );
#697 = LINE('',#698,#699);
#698 = CARTESIAN_POINT('',(-1.665079515717E-17,-2.76270510541,
    1.000050800102));
#699 = VECTOR('',#700,1.);
#700 = DIRECTION('',(1.,0.,0.));
#701 = ORIENTED_EDGE('',*,*,#702,.T.);
#702 = EDGE_CURVE('',#695,#703,#705,.T.);
#703 = VERTEX_POINT('',#704);
#704 = CARTESIAN_POINT('',(0.987302514605,-5.63731013462,1.000050800102)
  );
#705 = LINE('',#706,#707);
#706 = CARTESIAN_POINT('',(0.987302514605,-2.76270510541,1.000050800102)
  );
#707 = VECTOR('',#708,1.);
#708 = DIRECTION('',(3.862175893188E-17,-1.,0.));
#709 = ORIENTED_EDGE('',*,*,#710,.T.);
#710 = EDGE_CURVE('',#703,#711,#713,.T.);
#711 = VERTEX_POINT('',#712);
#712 = CARTESIAN_POINT('',(0.,-5.63731013462,1.000050800102));
#713 = LINE('',#714,#715);
#714 = CARTESIAN_POINT('',(0.987302514605,-5.63731013462,1.000050800102)
  );
#715 = VECTOR('',#716,1.);
#716 = DIRECTION('',(-1.,0.,0.));
#717 = ORIENTED_EDGE('',*,*,#718,.T.);
#718 = EDGE_CURVE('',#711,#719,#721,.T.);
#719 = VERTEX_POINT('',#720);
#720 = CARTESIAN_POINT('',(-1.270002540005E-02,-5.65001016002,
    1.000050800102));
#721 = CIRCLE('',#722,1.270002540005E-02);
#722 = AXIS2_PLACEMENT_3D('',#723,#724,#725);
#723 = CARTESIAN_POINT('',(-6.607888384392E-17,-5.65001016002,
    1.000050800102));
#724 = DIRECTION('',(0.,0.,1.));
#725 = DIRECTION('',(5.215601820801E-15,1.,-0.));
#726 = ORIENTED_EDGE('',*,*,#727,.T.);
#727 = EDGE_CURVE('',#719,#728,#730,.T.);
#728 = VERTEX_POINT('',#729);
#729 = CARTESIAN_POINT('',(-1.270002540005E-02,-23.75004826009,
    1.000050800102));
#730 = LINE('',#731,#732);
#731 = CARTESIAN_POINT('',(-1.270002540005E-02,-5.65001016002,
    1.000050800102));
#732 = VECTOR('',#733,1.);
#733 = DIRECTION('',(6.114647778938E-17,-1.,0.));
#734 = ORIENTED_EDGE('',*,*,#735,.T.);
#735 = EDGE_CURVE('',#728,#736,#738,.T.);
#736 = VERTEX_POINT('',#737);
#737 = CARTESIAN_POINT('',(-3.488131849066E-18,-23.76274828549,
    1.000050800102));
#738 = CIRCLE('',#739,1.270002540005E-02);
#739 = AXIS2_PLACEMENT_3D('',#740,#741,#742);
#740 = CARTESIAN_POINT('',(2.202665133622E-15,-23.75004826009,
    1.000050800102));
#741 = DIRECTION('',(0.,0.,1.));
#742 = DIRECTION('',(-1.,-2.369235419709E-13,0.));
#743 = ORIENTED_EDGE('',*,*,#744,.T.);
#744 = EDGE_CURVE('',#736,#745,#747,.T.);
#745 = VERTEX_POINT('',#746);
#746 = CARTESIAN_POINT('',(0.987302514605,-23.76274828549,1.000050800102
    ));
#747 = LINE('',#748,#749);
#748 = CARTESIAN_POINT('',(-3.670283637395E-18,-23.76274828549,
    1.000050800102));
#749 = VECTOR('',#750,1.);
#750 = DIRECTION('',(1.,0.,0.));
#751 = ORIENTED_EDGE('',*,*,#752,.T.);
#752 = EDGE_CURVE('',#745,#753,#755,.T.);
#753 = VERTEX_POINT('',#754);
#754 = CARTESIAN_POINT('',(0.987302514605,-26.6373533147,1.000050800102)
  );
#755 = LINE('',#756,#757);
#756 = CARTESIAN_POINT('',(0.987302514605,-23.76274828549,1.000050800102
    ));
#757 = VECTOR('',#758,1.);
#758 = DIRECTION('',(3.862175893188E-17,-1.,0.));
#759 = ORIENTED_EDGE('',*,*,#760,.T.);
#760 = EDGE_CURVE('',#753,#761,#763,.T.);
#761 = VERTEX_POINT('',#762);
#762 = CARTESIAN_POINT('',(0.,-26.6373533147,1.000050800102));
#763 = LINE('',#764,#765);
#764 = CARTESIAN_POINT('',(0.987302514605,-26.6373533147,1.000050800102)
  );
#765 = VECTOR('',#766,1.);
#766 = DIRECTION('',(-1.,0.,0.));
#767 = ORIENTED_EDGE('',*,*,#768,.T.);
#768 = EDGE_CURVE('',#761,#769,#771,.T.);
#769 = VERTEX_POINT('',#770);
#770 = CARTESIAN_POINT('',(-1.270002540005E-02,-26.6500533401,
    1.000050800102));
#771 = CIRCLE('',#772,1.270002540005E-02);
#772 = AXIS2_PLACEMENT_3D('',#773,#774,#775);
#773 = CARTESIAN_POINT('',(-6.607888384392E-17,-26.6500533401,
    1.000050800102));
#774 = DIRECTION('',(0.,0.,1.));
#775 = DIRECTION('',(5.215601820801E-15,1.,-0.));
#776 = ORIENTED_EDGE('',*,*,#777,.T.);
#777 = EDGE_CURVE('',#769,#778,#780,.T.);
#778 = VERTEX_POINT('',#779);
#779 = CARTESIAN_POINT('',(-1.270002540005E-02,-29.38735839471,
    1.000050800102));
#780 = LINE('',#781,#782);
#781 = CARTESIAN_POINT('',(-1.270002540005E-02,-26.6500533401,
    1.000050800102));
#782 = VECTOR('',#783,1.);
#783 = DIRECTION('',(6.02047367502E-17,-1.,0.));
#784 = ORIENTED_EDGE('',*,*,#785,.T.);
#785 = EDGE_CURVE('',#778,#786,#788,.T.);
#786 = VERTEX_POINT('',#787);
#787 = CARTESIAN_POINT('',(-2.50000508001,-29.38735839471,1.000050800102
    ));
#788 = LINE('',#789,#790);
#789 = CARTESIAN_POINT('',(-1.270002540005E-02,-29.38735839471,
    1.000050800102));
#790 = VECTOR('',#791,1.);
#791 = DIRECTION('',(-1.,0.,0.));
#792 = ORIENTED_EDGE('',*,*,#793,.T.);
#793 = EDGE_CURVE('',#786,#794,#796,.T.);
#794 = VERTEX_POINT('',#795);
#795 = CARTESIAN_POINT('',(-5.01271018542,-31.90006350012,1.000050800102
    ));
#796 = CIRCLE('',#797,2.51270510541);
#797 = AXIS2_PLACEMENT_3D('',#798,#799,#800);
#798 = CARTESIAN_POINT('',(-2.50000508001,-31.90006350012,1.000050800102
    ));
#799 = DIRECTION('',(0.,0.,1.));
#800 = DIRECTION('',(-2.062042657732E-15,1.,0.));
#801 = ORIENTED_EDGE('',*,*,#802,.T.);
#802 = EDGE_CURVE('',#794,#803,#805,.T.);
#803 = VERTEX_POINT('',#804);
#804 = CARTESIAN_POINT('',(-5.01271018542,-34.70180595933,1.000050800102
    ));
#805 = LINE('',#806,#807);
#806 = CARTESIAN_POINT('',(-5.01271018542,-31.90006350012,1.000050800102
    ));
#807 = VECTOR('',#808,1.);
#808 = DIRECTION('',(3.170093014011E-15,-1.,0.));
#809 = ORIENTED_EDGE('',*,*,#810,.T.);
#810 = EDGE_CURVE('',#803,#811,#813,.T.);
#811 = VERTEX_POINT('',#812);
#812 = CARTESIAN_POINT('',(-6.252026239818,-35.65640495217,
    1.000050800102));
#813 = CIRCLE('',#814,0.987303108479);
#814 = AXIS2_PLACEMENT_3D('',#815,#816,#817);
#815 = CARTESIAN_POINT('',(-6.000013293898,-34.70180718185,
    1.000050800102));
#816 = DIRECTION('',(0.,0.,-1.));
#817 = DIRECTION('',(0.999999999999,1.238243006783E-06,0.));
#818 = ORIENTED_EDGE('',*,*,#819,.T.);
#819 = EDGE_CURVE('',#811,#820,#822,.T.);
#820 = VERTEX_POINT('',#821);
#821 = CARTESIAN_POINT('',(-27.7625799451,-29.97761907878,1.000050800102
    ));
#822 = LINE('',#823,#824);
#823 = CARTESIAN_POINT('',(-6.252026239818,-35.65640495217,
    1.000050800102));
#824 = VECTOR('',#825,1.);
#825 = DIRECTION('',(-0.966873852488,0.255254683356,0.));
#826 = ORIENTED_EDGE('',*,*,#827,.T.);
#827 = EDGE_CURVE('',#820,#828,#830,.T.);
#828 = VERTEX_POINT('',#829);
#829 = CARTESIAN_POINT('',(-29.98736093472,-27.08927101918,
    1.000050800102));
#830 = CIRCLE('',#831,2.987306200931);
#831 = AXIS2_PLACEMENT_3D('',#832,#833,#834);
#832 = CARTESIAN_POINT('',(-27.00005473379,-27.08927117033,
    1.000050800102));
#833 = DIRECTION('',(0.,0.,-1.));
#834 = DIRECTION('',(-0.25525512285,-0.966873736461,-0.));
#835 = ORIENTED_EDGE('',*,*,#836,.T.);
#836 = EDGE_CURVE('',#828,#82,#837,.T.);
#837 = LINE('',#838,#839);
#838 = CARTESIAN_POINT('',(-29.98736093472,-27.08927101918,
    1.000050800102));
#839 = VECTOR('',#840,1.);
#840 = DIRECTION('',(5.112647239724E-16,1.,0.));
#841 = ORIENTED_EDGE('',*,*,#89,.T.);
#842 = FACE_BOUND('',#843,.F.);
#843 = EDGE_LOOP('',(#844,#854,#862,#870));
#844 = ORIENTED_EDGE('',*,*,#845,.F.);
#845 = EDGE_CURVE('',#846,#848,#850,.T.);
#846 = VERTEX_POINT('',#847);
#847 = CARTESIAN_POINT('',(-8.00001524003,-28.40005588011,1.000050800102
    ));
#848 = VERTEX_POINT('',#849);
#849 = CARTESIAN_POINT('',(-5.00001016002,-28.40005588011,1.000050800102
    ));
#850 = LINE('',#851,#852);
#851 = CARTESIAN_POINT('',(-8.00001524003,-28.40005588011,1.000050800102
    ));
#852 = VECTOR('',#853,1.);
#853 = DIRECTION('',(1.,0.,0.));
#854 = ORIENTED_EDGE('',*,*,#855,.F.);
#855 = EDGE_CURVE('',#856,#846,#858,.T.);
#856 = VERTEX_POINT('',#857);
#857 = CARTESIAN_POINT('',(-8.00001524003,-29.40005842011,1.000050800102
    ));
#858 = LINE('',#859,#860);
#859 = CARTESIAN_POINT('',(-8.00001524003,-29.40005842011,1.000050800102
    ));
#860 = VECTOR('',#861,1.);
#861 = DIRECTION('',(0.,1.,0.));
#862 = ORIENTED_EDGE('',*,*,#863,.F.);
#863 = EDGE_CURVE('',#864,#856,#866,.T.);
#864 = VERTEX_POINT('',#865);
#865 = CARTESIAN_POINT('',(-5.00001016002,-29.40005842011,1.000050800102
    ));
#866 = LINE('',#867,#868);
#867 = CARTESIAN_POINT('',(-5.00001016002,-29.40005842011,1.000050800102
    ));
#868 = VECTOR('',#869,1.);
#869 = DIRECTION('',(-1.,0.,0.));
#870 = ORIENTED_EDGE('',*,*,#871,.F.);
#871 = EDGE_CURVE('',#848,#864,#872,.T.);
#872 = LINE('',#873,#874);
#873 = CARTESIAN_POINT('',(-5.00001016002,-28.40005588011,1.000050800102
    ));
#874 = VECTOR('',#875,1.);
#875 = DIRECTION('',(0.,-1.,0.));
#876 = FACE_BOUND('',#877,.F.);
#877 = EDGE_LOOP('',(#878,#889,#898,#906,#915,#924));
#878 = ORIENTED_EDGE('',*,*,#879,.F.);
#879 = EDGE_CURVE('',#880,#882,#884,.T.);
#880 = VERTEX_POINT('',#881);
#881 = CARTESIAN_POINT('',(-15.29292444282,-21.69276516855,
    1.000050800102));
#882 = VERTEX_POINT('',#883);
#883 = CARTESIAN_POINT('',(-15.29292444282,-20.27854801407,
    1.000050800102));
#884 = CIRCLE('',#885,1.000002540005);
#885 = AXIS2_PLACEMENT_3D('',#886,#887,#888);
#886 = CARTESIAN_POINT('',(-14.58581586558,-20.98565659131,
    1.000050800102));
#887 = DIRECTION('',(0.,0.,-1.));
#888 = DIRECTION('',(-0.707106781187,-0.707106781187,-0.));
#889 = ORIENTED_EDGE('',*,*,#890,.F.);
#890 = EDGE_CURVE('',#891,#880,#893,.T.);
#891 = VERTEX_POINT('',#892);
#892 = CARTESIAN_POINT('',(-13.87870728834,-21.69276516855,
    1.000050800102));
#893 = CIRCLE('',#894,1.000002540005);
#894 = AXIS2_PLACEMENT_3D('',#895,#896,#897);
#895 = CARTESIAN_POINT('',(-14.58581586558,-20.98565659131,
    1.000050800102));
#896 = DIRECTION('',(-0.,0.,-1.));
#897 = DIRECTION('',(0.707106781187,-0.707106781187,-0.));
#898 = ORIENTED_EDGE('',*,*,#899,.F.);
#899 = EDGE_CURVE('',#900,#891,#902,.T.);
#900 = VERTEX_POINT('',#901);
#901 = CARTESIAN_POINT('',(-8.221842262521,-16.03590014273,
    1.000050800102));
#902 = LINE('',#903,#904);
#903 = CARTESIAN_POINT('',(-8.221842262521,-16.03590014273,
    1.000050800102));
#904 = VECTOR('',#905,1.);
#905 = DIRECTION('',(-0.707106781187,-0.707106781187,0.));
#906 = ORIENTED_EDGE('',*,*,#907,.F.);
#907 = EDGE_CURVE('',#908,#900,#910,.T.);
#908 = VERTEX_POINT('',#909);
#909 = CARTESIAN_POINT('',(-8.221842262521,-14.62168298825,
    1.000050800102));
#910 = CIRCLE('',#911,1.000002540005);
#911 = AXIS2_PLACEMENT_3D('',#912,#913,#914);
#912 = CARTESIAN_POINT('',(-8.928950839762,-15.32879156549,
    1.000050800102));
#913 = DIRECTION('',(0.,0.,-1.));
#914 = DIRECTION('',(0.707106781187,0.707106781187,0.));
#915 = ORIENTED_EDGE('',*,*,#916,.F.);
#916 = EDGE_CURVE('',#917,#908,#919,.T.);
#917 = VERTEX_POINT('',#918);
#918 = CARTESIAN_POINT('',(-9.636059417003,-14.62168298825,
    1.000050800102));
#919 = CIRCLE('',#920,1.000002540005);
#920 = AXIS2_PLACEMENT_3D('',#921,#922,#923);
#921 = CARTESIAN_POINT('',(-8.928950839762,-15.32879156549,
    1.000050800102));
#922 = DIRECTION('',(0.,0.,-1.));
#923 = DIRECTION('',(-0.707106781187,0.707106781187,0.));
#924 = ORIENTED_EDGE('',*,*,#925,.F.);
#925 = EDGE_CURVE('',#882,#917,#926,.T.);
#926 = LINE('',#927,#928);
#927 = CARTESIAN_POINT('',(-15.29292444282,-20.27854801407,
    1.000050800102));
#928 = VECTOR('',#929,1.);
#929 = DIRECTION('',(0.707106781187,0.707106781187,0.));
#930 = FACE_BOUND('',#931,.F.);
#931 = EDGE_LOOP('',(#932,#942,#950,#958));
#932 = ORIENTED_EDGE('',*,*,#933,.F.);
#933 = EDGE_CURVE('',#934,#936,#938,.T.);
#934 = VERTEX_POINT('',#935);
#935 = CARTESIAN_POINT('',(-20.00004064008,-28.40005588011,
    1.000050800102));
#936 = VERTEX_POINT('',#937);
#937 = CARTESIAN_POINT('',(-17.00003556007,-28.40005588011,
    1.000050800102));
#938 = LINE('',#939,#940);
#939 = CARTESIAN_POINT('',(-20.00004064008,-28.40005588011,
    1.000050800102));
#940 = VECTOR('',#941,1.);
#941 = DIRECTION('',(1.,0.,0.));
#942 = ORIENTED_EDGE('',*,*,#943,.F.);
#943 = EDGE_CURVE('',#944,#934,#946,.T.);
#944 = VERTEX_POINT('',#945);
#945 = CARTESIAN_POINT('',(-20.00004064008,-29.40005842011,
    1.000050800102));
#946 = LINE('',#947,#948);
#947 = CARTESIAN_POINT('',(-20.00004064008,-29.40005842011,
    1.000050800102));
#948 = VECTOR('',#949,1.);
#949 = DIRECTION('',(0.,1.,0.));
#950 = ORIENTED_EDGE('',*,*,#951,.F.);
#951 = EDGE_CURVE('',#952,#944,#954,.T.);
#952 = VERTEX_POINT('',#953);
#953 = CARTESIAN_POINT('',(-17.00003556007,-29.40005842011,
    1.000050800102));
#954 = LINE('',#955,#956);
#955 = CARTESIAN_POINT('',(-17.00003556007,-29.40005842011,
    1.000050800102));
#956 = VECTOR('',#957,1.);
#957 = DIRECTION('',(-1.,0.,0.));
#958 = ORIENTED_EDGE('',*,*,#959,.F.);
#959 = EDGE_CURVE('',#936,#952,#960,.T.);
#960 = LINE('',#961,#962);
#961 = CARTESIAN_POINT('',(-17.00003556007,-28.40005588011,
    1.000050800102));
#962 = VECTOR('',#963,1.);
#963 = DIRECTION('',(0.,-1.,0.));
#964 = FACE_BOUND('',#965,.F.);
#965 = EDGE_LOOP('',(#966,#977,#986,#994,#1003,#1012));
#966 = ORIENTED_EDGE('',*,*,#967,.F.);
#967 = EDGE_CURVE('',#968,#970,#972,.T.);
#968 = VERTEX_POINT('',#969);
#969 = CARTESIAN_POINT('',(-19.79293206284,-20.70277024856,
    1.000050800102));
#970 = VERTEX_POINT('',#971);
#971 = CARTESIAN_POINT('',(-19.79293206284,-19.28855309408,
    1.000050800102));
#972 = CIRCLE('',#973,1.000002540005);
#973 = AXIS2_PLACEMENT_3D('',#974,#975,#976);
#974 = CARTESIAN_POINT('',(-19.08582348559,-19.99566167132,
    1.000050800102));
#975 = DIRECTION('',(0.,0.,-1.));
#976 = DIRECTION('',(-0.707106781187,-0.707106781187,-0.));
#977 = ORIENTED_EDGE('',*,*,#978,.F.);
#978 = EDGE_CURVE('',#979,#968,#981,.T.);
#979 = VERTEX_POINT('',#980);
#980 = CARTESIAN_POINT('',(-18.37871490835,-20.70277024856,
    1.000050800102));
#981 = CIRCLE('',#982,1.000002540005);
#982 = AXIS2_PLACEMENT_3D('',#983,#984,#985);
#983 = CARTESIAN_POINT('',(-19.08582348559,-19.99566167132,
    1.000050800102));
#984 = DIRECTION('',(-0.,0.,-1.));
#985 = DIRECTION('',(0.707106781187,-0.707106781187,-0.));
#986 = ORIENTED_EDGE('',*,*,#987,.F.);
#987 = EDGE_CURVE('',#988,#979,#990,.T.);
#988 = VERTEX_POINT('',#989);
#989 = CARTESIAN_POINT('',(-9.186308792384,-11.51036413259,
    1.000050800102));
#990 = LINE('',#991,#992);
#991 = CARTESIAN_POINT('',(-9.186308792384,-11.51036413259,
    1.000050800102));
#992 = VECTOR('',#993,1.);
#993 = DIRECTION('',(-0.707106781187,-0.707106781187,0.));
#994 = ORIENTED_EDGE('',*,*,#995,.F.);
#995 = EDGE_CURVE('',#996,#988,#998,.T.);
#996 = VERTEX_POINT('',#997);
#997 = CARTESIAN_POINT('',(-9.186308792384,-10.0961469781,1.000050800102
    ));
#998 = CIRCLE('',#999,1.000002540005);
#999 = AXIS2_PLACEMENT_3D('',#1000,#1001,#1002);
#1000 = CARTESIAN_POINT('',(-9.893417369625,-10.80325555535,
    1.000050800102));
#1001 = DIRECTION('',(0.,0.,-1.));
#1002 = DIRECTION('',(0.707106781187,0.707106781187,0.));
#1003 = ORIENTED_EDGE('',*,*,#1004,.F.);
#1004 = EDGE_CURVE('',#1005,#996,#1007,.T.);
#1005 = VERTEX_POINT('',#1006);
#1006 = CARTESIAN_POINT('',(-10.60052594686,-10.0961469781,
    1.000050800102));
#1007 = CIRCLE('',#1008,1.000002540005);
#1008 = AXIS2_PLACEMENT_3D('',#1009,#1010,#1011);
#1009 = CARTESIAN_POINT('',(-9.893417369625,-10.80325555535,
    1.000050800102));
#1010 = DIRECTION('',(0.,0.,-1.));
#1011 = DIRECTION('',(-0.707106781187,0.707106781187,0.));
#1012 = ORIENTED_EDGE('',*,*,#1013,.F.);
#1013 = EDGE_CURVE('',#970,#1005,#1014,.T.);
#1014 = LINE('',#1015,#1016);
#1015 = CARTESIAN_POINT('',(-19.79293206284,-19.28855309408,
    1.000050800102));
#1016 = VECTOR('',#1017,1.);
#1017 = DIRECTION('',(0.707106781187,0.707106781187,0.));
#1018 = FACE_BOUND('',#1019,.F.);
#1019 = EDGE_LOOP('',(#1020,#1031,#1040,#1048,#1057,#1066));
#1020 = ORIENTED_EDGE('',*,*,#1021,.F.);
#1021 = EDGE_CURVE('',#1022,#1024,#1026,.T.);
#1022 = VERTEX_POINT('',#1023);
#1023 = CARTESIAN_POINT('',(-24.29294222286,-19.47342810988,
    1.000050800102));
#1024 = VERTEX_POINT('',#1025);
#1025 = CARTESIAN_POINT('',(-24.29294222286,-18.05921095539,
    1.000050800102));
#1026 = CIRCLE('',#1027,1.000002540005);
#1027 = AXIS2_PLACEMENT_3D('',#1028,#1029,#1030);
#1028 = CARTESIAN_POINT('',(-23.58583364561,-18.76631953263,
    1.000050800102));
#1029 = DIRECTION('',(0.,0.,-1.));
#1030 = DIRECTION('',(-0.707106781187,-0.707106781187,-0.));
#1031 = ORIENTED_EDGE('',*,*,#1032,.F.);
#1032 = EDGE_CURVE('',#1033,#1022,#1035,.T.);
#1033 = VERTEX_POINT('',#1034);
#1034 = CARTESIAN_POINT('',(-22.87872506837,-19.47342810988,
    1.000050800102));
#1035 = CIRCLE('',#1036,1.000002540005);
#1036 = AXIS2_PLACEMENT_3D('',#1037,#1038,#1039);
#1037 = CARTESIAN_POINT('',(-23.58583364561,-18.76631953263,
    1.000050800102));
#1038 = DIRECTION('',(-0.,0.,-1.));
#1039 = DIRECTION('',(0.707106781187,-0.707106781187,-0.));
#1040 = ORIENTED_EDGE('',*,*,#1041,.F.);
#1041 = EDGE_CURVE('',#1042,#1033,#1044,.T.);
#1042 = VERTEX_POINT('',#1043);
#1043 = CARTESIAN_POINT('',(-10.15077786225,-6.745480903755,
    1.000050800102));
#1044 = LINE('',#1045,#1046);
#1045 = CARTESIAN_POINT('',(-10.15077786225,-6.745480903755,
    1.000050800102));
#1046 = VECTOR('',#1047,1.);
#1047 = DIRECTION('',(-0.707106781187,-0.707106781187,0.));
#1048 = ORIENTED_EDGE('',*,*,#1049,.F.);
#1049 = EDGE_CURVE('',#1050,#1042,#1052,.T.);
#1050 = VERTEX_POINT('',#1051);
#1051 = CARTESIAN_POINT('',(-10.15077786225,-5.331263749272,
    1.000050800102));
#1052 = CIRCLE('',#1053,1.000002540005);
#1053 = AXIS2_PLACEMENT_3D('',#1054,#1055,#1056);
#1054 = CARTESIAN_POINT('',(-10.85788643949,-6.038372326514,
    1.000050800102));
#1055 = DIRECTION('',(0.,0.,-1.));
#1056 = DIRECTION('',(0.707106781187,0.707106781187,0.));
#1057 = ORIENTED_EDGE('',*,*,#1058,.F.);
#1058 = EDGE_CURVE('',#1059,#1050,#1061,.T.);
#1059 = VERTEX_POINT('',#1060);
#1060 = CARTESIAN_POINT('',(-11.56499501673,-5.331263749272,
    1.000050800102));
#1061 = CIRCLE('',#1062,1.000002540005);
#1062 = AXIS2_PLACEMENT_3D('',#1063,#1064,#1065);
#1063 = CARTESIAN_POINT('',(-10.85788643949,-6.038372326514,
    1.000050800102));
#1064 = DIRECTION('',(0.,0.,-1.));
#1065 = DIRECTION('',(-0.707106781187,0.707106781187,0.));
#1066 = ORIENTED_EDGE('',*,*,#1067,.F.);
#1067 = EDGE_CURVE('',#1024,#1059,#1068,.T.);
#1068 = LINE('',#1069,#1070);
#1069 = CARTESIAN_POINT('',(-24.29294222286,-18.05921095539,
    1.000050800102));
#1070 = VECTOR('',#1071,1.);
#1071 = DIRECTION('',(0.707106781187,0.707106781187,0.));
#1072 = FACE_BOUND('',#1073,.F.);
#1073 = EDGE_LOOP('',(#1074,#1085,#1094,#1102,#1111,#1120));
#1074 = ORIENTED_EDGE('',*,*,#1075,.F.);
#1075 = EDGE_CURVE('',#1076,#1078,#1080,.T.);
#1076 = VERTEX_POINT('',#1077);
#1077 = CARTESIAN_POINT('',(-25.29294222286,-15.08827189956,
    1.000050800102));
#1078 = VERTEX_POINT('',#1079);
#1079 = CARTESIAN_POINT('',(-25.29294222286,-13.67405474508,
    1.000050800102));
#1080 = CIRCLE('',#1081,1.000002540005);
#1081 = AXIS2_PLACEMENT_3D('',#1082,#1083,#1084);
#1082 = CARTESIAN_POINT('',(-24.58583364561,-14.38116332232,
    1.000050800102));
#1083 = DIRECTION('',(0.,0.,-1.));
#1084 = DIRECTION('',(-0.707106781187,-0.707106781187,-0.));
#1085 = ORIENTED_EDGE('',*,*,#1086,.F.);
#1086 = EDGE_CURVE('',#1087,#1076,#1089,.T.);
#1087 = VERTEX_POINT('',#1088);
#1088 = CARTESIAN_POINT('',(-23.87872506837,-15.08827189956,
    1.000050800102));
#1089 = CIRCLE('',#1090,1.000002540005);
#1090 = AXIS2_PLACEMENT_3D('',#1091,#1092,#1093);
#1091 = CARTESIAN_POINT('',(-24.58583364561,-14.38116332232,
    1.000050800102));
#1092 = DIRECTION('',(0.,0.,-1.));
#1093 = DIRECTION('',(0.707106781187,-0.707106781187,0.));
#1094 = ORIENTED_EDGE('',*,*,#1095,.F.);
#1095 = EDGE_CURVE('',#1096,#1087,#1098,.T.);
#1096 = VERTEX_POINT('',#1097);
#1097 = CARTESIAN_POINT('',(-14.6863189524,-5.895865783595,
    1.000050800102));
#1098 = LINE('',#1099,#1100);
#1099 = CARTESIAN_POINT('',(-14.6863189524,-5.895865783595,
    1.000050800102));
#1100 = VECTOR('',#1101,1.);
#1101 = DIRECTION('',(-0.707106781187,-0.707106781187,0.));
#1102 = ORIENTED_EDGE('',*,*,#1103,.F.);
#1103 = EDGE_CURVE('',#1104,#1096,#1106,.T.);
#1104 = VERTEX_POINT('',#1105);
#1105 = CARTESIAN_POINT('',(-14.6863189524,-4.481648629112,
    1.000050800102));
#1106 = CIRCLE('',#1107,1.000002540005);
#1107 = AXIS2_PLACEMENT_3D('',#1108,#1109,#1110);
#1108 = CARTESIAN_POINT('',(-15.39342752964,-5.188757206353,
    1.000050800102));
#1109 = DIRECTION('',(0.,0.,-1.));
#1110 = DIRECTION('',(0.707106781187,0.707106781187,0.));
#1111 = ORIENTED_EDGE('',*,*,#1112,.F.);
#1112 = EDGE_CURVE('',#1113,#1104,#1115,.T.);
#1113 = VERTEX_POINT('',#1114);
#1114 = CARTESIAN_POINT('',(-16.10053610688,-4.481648629112,
    1.000050800102));
#1115 = CIRCLE('',#1116,1.000002540005);
#1116 = AXIS2_PLACEMENT_3D('',#1117,#1118,#1119);
#1117 = CARTESIAN_POINT('',(-15.39342752964,-5.188757206353,
    1.000050800102));
#1118 = DIRECTION('',(0.,0.,-1.));
#1119 = DIRECTION('',(-0.707106781187,0.707106781187,0.));
#1120 = ORIENTED_EDGE('',*,*,#1121,.F.);
#1121 = EDGE_CURVE('',#1078,#1113,#1122,.T.);
#1122 = LINE('',#1123,#1124);
#1123 = CARTESIAN_POINT('',(-25.29294222286,-13.67405474508,
    1.000050800102));
#1124 = VECTOR('',#1125,1.);
#1125 = DIRECTION('',(0.707106781187,0.707106781187,0.));
#1126 = FACE_BOUND('',#1127,.F.);
#1127 = EDGE_LOOP('',(#1128,#1139,#1148,#1156,#1165,#1174));
#1128 = ORIENTED_EDGE('',*,*,#1129,.F.);
#1129 = EDGE_CURVE('',#1130,#1132,#1134,.T.);
#1130 = VERTEX_POINT('',#1131);
#1131 = CARTESIAN_POINT('',(-26.29294476286,-10.10805599913,
    1.000050800102));
#1132 = VERTEX_POINT('',#1133);
#1133 = CARTESIAN_POINT('',(-26.29294476286,-8.693838844653,
    1.000050800102));
#1134 = CIRCLE('',#1135,1.000002540005);
#1135 = AXIS2_PLACEMENT_3D('',#1136,#1137,#1138);
#1136 = CARTESIAN_POINT('',(-25.58583618562,-9.400947421895,
    1.000050800102));
#1137 = DIRECTION('',(0.,0.,-1.));
#1138 = DIRECTION('',(-0.707106781187,-0.707106781187,-0.));
#1139 = ORIENTED_EDGE('',*,*,#1140,.F.);
#1140 = EDGE_CURVE('',#1141,#1130,#1143,.T.);
#1141 = VERTEX_POINT('',#1142);
#1142 = CARTESIAN_POINT('',(-24.87872760838,-10.10805599913,
    1.000050800102));
#1143 = CIRCLE('',#1144,1.000002540005);
#1144 = AXIS2_PLACEMENT_3D('',#1145,#1146,#1147);
#1145 = CARTESIAN_POINT('',(-25.58583618562,-9.400947421895,
    1.000050800102));
#1146 = DIRECTION('',(-0.,0.,-1.));
#1147 = DIRECTION('',(0.707106781187,-0.707106781187,-0.));
#1148 = ORIENTED_EDGE('',*,*,#1149,.F.);
#1149 = EDGE_CURVE('',#1150,#1141,#1152,.T.);
#1150 = VERTEX_POINT('',#1151);
#1151 = CARTESIAN_POINT('',(-19.22186258256,-4.451190973315,
    1.000050800102));
#1152 = LINE('',#1153,#1154);
#1153 = CARTESIAN_POINT('',(-19.22186258256,-4.451190973315,
    1.000050800102));
#1154 = VECTOR('',#1155,1.);
#1155 = DIRECTION('',(-0.707106781187,-0.707106781187,0.));
#1156 = ORIENTED_EDGE('',*,*,#1157,.F.);
#1157 = EDGE_CURVE('',#1158,#1150,#1160,.T.);
#1158 = VERTEX_POINT('',#1159);
#1159 = CARTESIAN_POINT('',(-19.22186258256,-3.036973818832,
    1.000050800102));
#1160 = CIRCLE('',#1161,1.000002540005);
#1161 = AXIS2_PLACEMENT_3D('',#1162,#1163,#1164);
#1162 = CARTESIAN_POINT('',(-19.9289711598,-3.744082396074,
    1.000050800102));
#1163 = DIRECTION('',(0.,0.,-1.));
#1164 = DIRECTION('',(0.707106781187,0.707106781187,0.));
#1165 = ORIENTED_EDGE('',*,*,#1166,.F.);
#1166 = EDGE_CURVE('',#1167,#1158,#1169,.T.);
#1167 = VERTEX_POINT('',#1168);
#1168 = CARTESIAN_POINT('',(-20.63607973704,-3.036973818832,
    1.000050800102));
#1169 = CIRCLE('',#1170,1.000002540005);
#1170 = AXIS2_PLACEMENT_3D('',#1171,#1172,#1173);
#1171 = CARTESIAN_POINT('',(-19.9289711598,-3.744082396074,
    1.000050800102));
#1172 = DIRECTION('',(0.,0.,-1.));
#1173 = DIRECTION('',(-0.707106781187,0.707106781187,0.));
#1174 = ORIENTED_EDGE('',*,*,#1175,.F.);
#1175 = EDGE_CURVE('',#1132,#1167,#1176,.T.);
#1176 = LINE('',#1177,#1178);
#1177 = CARTESIAN_POINT('',(-26.29294476286,-8.693838844653,
    1.000050800102));
#1178 = VECTOR('',#1179,1.);
#1179 = DIRECTION('',(0.707106781187,0.707106781187,0.));
#1180 = PLANE('',#1181);
#1181 = AXIS2_PLACEMENT_3D('',#1182,#1183,#1184);
#1182 = CARTESIAN_POINT('',(-13.58085234135,-16.5055850558,
    1.000050800102));
#1183 = DIRECTION('',(-0.,-0.,-1.));
#1184 = DIRECTION('',(-1.,0.,0.));
#1185 = ADVANCED_FACE('',(#1186),#1197,.T.);
#1186 = FACE_BOUND('',#1187,.T.);
#1187 = EDGE_LOOP('',(#1188,#1194,#1195,#1196));
#1188 = ORIENTED_EDGE('',*,*,#1189,.T.);
#1189 = EDGE_CURVE('',#306,#828,#1190,.T.);
#1190 = LINE('',#1191,#1192);
#1191 = CARTESIAN_POINT('',(-29.98736093472,-27.08927101918,0.));
#1192 = VECTOR('',#1193,1.);
#1193 = DIRECTION('',(0.,0.,1.));
#1194 = ORIENTED_EDGE('',*,*,#836,.T.);
#1195 = ORIENTED_EDGE('',*,*,#79,.F.);
#1196 = ORIENTED_EDGE('',*,*,#314,.F.);
#1197 = PLANE('',#1198);
#1198 = AXIS2_PLACEMENT_3D('',#1199,#1200,#1201);
#1199 = CARTESIAN_POINT('',(-29.98736093472,-27.08927101918,0.));
#1200 = DIRECTION('',(-1.,5.112647239724E-16,0.));
#1201 = DIRECTION('',(5.112647239724E-16,1.,0.));
#1202 = ADVANCED_FACE('',(#1203),#1214,.T.);
#1203 = FACE_BOUND('',#1204,.T.);
#1204 = EDGE_LOOP('',(#1205,#1206,#1207,#1213));
#1205 = ORIENTED_EDGE('',*,*,#122,.T.);
#1206 = ORIENTED_EDGE('',*,*,#669,.T.);
#1207 = ORIENTED_EDGE('',*,*,#1208,.F.);
#1208 = EDGE_CURVE('',#148,#670,#1209,.T.);
#1209 = LINE('',#1210,#1211);
#1210 = CARTESIAN_POINT('',(-1.270002540005E-02,-1.270002540005E-02,0.)
  );
#1211 = VECTOR('',#1212,1.);
#1212 = DIRECTION('',(0.,0.,1.));
#1213 = ORIENTED_EDGE('',*,*,#147,.F.);
#1214 = PLANE('',#1215);
#1215 = AXIS2_PLACEMENT_3D('',#1216,#1217,#1218);
#1216 = CARTESIAN_POINT('',(-23.75740919053,-1.270002540005E-02,0.));
#1217 = DIRECTION('',(6.195255951117E-17,1.,-0.));
#1218 = DIRECTION('',(1.,-6.195255951117E-17,0.));
#1219 = ADVANCED_FACE('',(#1220),#1231,.T.);
#1220 = FACE_BOUND('',#1221,.T.);
#1221 = EDGE_LOOP('',(#1222,#1228,#1229,#1230));
#1222 = ORIENTED_EDGE('',*,*,#1223,.T.);
#1223 = EDGE_CURVE('',#298,#820,#1224,.T.);
#1224 = LINE('',#1225,#1226);
#1225 = CARTESIAN_POINT('',(-27.7625799451,-29.97761907878,0.));
#1226 = VECTOR('',#1227,1.);
#1227 = DIRECTION('',(0.,0.,1.));
#1228 = ORIENTED_EDGE('',*,*,#827,.T.);
#1229 = ORIENTED_EDGE('',*,*,#1189,.F.);
#1230 = ORIENTED_EDGE('',*,*,#305,.F.);
#1231 = CYLINDRICAL_SURFACE('',#1232,2.987306200931);
#1232 = AXIS2_PLACEMENT_3D('',#1233,#1234,#1235);
#1233 = CARTESIAN_POINT('',(-27.00005473379,-27.08927117033,0.));
#1234 = DIRECTION('',(0.,0.,-1.));
#1235 = DIRECTION('',(-0.25525512285,-0.966873736461,-0.));
#1236 = ADVANCED_FACE('',(#1237),#1248,.T.);
#1237 = FACE_BOUND('',#1238,.T.);
#1238 = EDGE_LOOP('',(#1239,#1240,#1241,#1247));
#1239 = ORIENTED_EDGE('',*,*,#1208,.T.);
#1240 = ORIENTED_EDGE('',*,*,#677,.T.);
#1241 = ORIENTED_EDGE('',*,*,#1242,.F.);
#1242 = EDGE_CURVE('',#156,#678,#1243,.T.);
#1243 = LINE('',#1244,#1245);
#1244 = CARTESIAN_POINT('',(-1.270002540005E-02,-2.75000508001,0.));
#1245 = VECTOR('',#1246,1.);
#1246 = DIRECTION('',(0.,0.,1.));
#1247 = ORIENTED_EDGE('',*,*,#155,.F.);
#1248 = PLANE('',#1249);
#1249 = AXIS2_PLACEMENT_3D('',#1250,#1251,#1252);
#1250 = CARTESIAN_POINT('',(-1.270002540005E-02,-1.270002540005E-02,0.)
  );
#1251 = DIRECTION('',(1.,6.02047367502E-17,-0.));
#1252 = DIRECTION('',(6.02047367502E-17,-1.,0.));
#1253 = ADVANCED_FACE('',(#1254),#1265,.T.);
#1254 = FACE_BOUND('',#1255,.T.);
#1255 = EDGE_LOOP('',(#1256,#1262,#1263,#1264));
#1256 = ORIENTED_EDGE('',*,*,#1257,.T.);
#1257 = EDGE_CURVE('',#289,#811,#1258,.T.);
#1258 = LINE('',#1259,#1260);
#1259 = CARTESIAN_POINT('',(-6.252026239818,-35.65640495217,0.));
#1260 = VECTOR('',#1261,1.);
#1261 = DIRECTION('',(0.,0.,1.));
#1262 = ORIENTED_EDGE('',*,*,#819,.T.);
#1263 = ORIENTED_EDGE('',*,*,#1223,.F.);
#1264 = ORIENTED_EDGE('',*,*,#297,.F.);
#1265 = PLANE('',#1266);
#1266 = AXIS2_PLACEMENT_3D('',#1267,#1268,#1269);
#1267 = CARTESIAN_POINT('',(-6.252026239818,-35.65640495217,0.));
#1268 = DIRECTION('',(-0.255254683356,-0.966873852488,0.));
#1269 = DIRECTION('',(-0.966873852488,0.255254683356,0.));
#1270 = ADVANCED_FACE('',(#1271),#1282,.F.);
#1271 = FACE_BOUND('',#1272,.T.);
#1272 = EDGE_LOOP('',(#1273,#1274,#1275,#1281));
#1273 = ORIENTED_EDGE('',*,*,#1242,.T.);
#1274 = ORIENTED_EDGE('',*,*,#685,.T.);
#1275 = ORIENTED_EDGE('',*,*,#1276,.F.);
#1276 = EDGE_CURVE('',#164,#686,#1277,.T.);
#1277 = LINE('',#1278,#1279);
#1278 = CARTESIAN_POINT('',(-1.704033766868E-17,-2.76270510541,0.));
#1279 = VECTOR('',#1280,1.);
#1280 = DIRECTION('',(0.,0.,1.));
#1281 = ORIENTED_EDGE('',*,*,#163,.F.);
#1282 = CYLINDRICAL_SURFACE('',#1283,1.270002540005E-02);
#1283 = AXIS2_PLACEMENT_3D('',#1284,#1285,#1286);
#1284 = CARTESIAN_POINT('',(9.280770596476E-17,-2.75000508001,0.));
#1285 = DIRECTION('',(-0.,-0.,-1.));
#1286 = DIRECTION('',(-1.,-4.92584616409E-15,0.));
#1287 = ADVANCED_FACE('',(#1288),#1299,.T.);
#1288 = FACE_BOUND('',#1289,.T.);
#1289 = EDGE_LOOP('',(#1290,#1296,#1297,#1298));
#1290 = ORIENTED_EDGE('',*,*,#1291,.T.);
#1291 = EDGE_CURVE('',#281,#803,#1292,.T.);
#1292 = LINE('',#1293,#1294);
#1293 = CARTESIAN_POINT('',(-5.01271018542,-34.70180595933,0.));
#1294 = VECTOR('',#1295,1.);
#1295 = DIRECTION('',(0.,0.,1.));
#1296 = ORIENTED_EDGE('',*,*,#810,.T.);
#1297 = ORIENTED_EDGE('',*,*,#1257,.F.);
#1298 = ORIENTED_EDGE('',*,*,#288,.F.);
#1299 = CYLINDRICAL_SURFACE('',#1300,0.987303108479);
#1300 = AXIS2_PLACEMENT_3D('',#1301,#1302,#1303);
#1301 = CARTESIAN_POINT('',(-6.000013293898,-34.70180718185,0.));
#1302 = DIRECTION('',(0.,0.,-1.));
#1303 = DIRECTION('',(0.999999999999,1.238243006783E-06,0.));
#1304 = ADVANCED_FACE('',(#1305),#1316,.T.);
#1305 = FACE_BOUND('',#1306,.T.);
#1306 = EDGE_LOOP('',(#1307,#1308,#1309,#1315));
#1307 = ORIENTED_EDGE('',*,*,#1276,.T.);
#1308 = ORIENTED_EDGE('',*,*,#694,.T.);
#1309 = ORIENTED_EDGE('',*,*,#1310,.F.);
#1310 = EDGE_CURVE('',#173,#695,#1311,.T.);
#1311 = LINE('',#1312,#1313);
#1312 = CARTESIAN_POINT('',(0.987302514605,-2.76270510541,0.));
#1313 = VECTOR('',#1314,1.);
#1314 = DIRECTION('',(0.,0.,1.));
#1315 = ORIENTED_EDGE('',*,*,#172,.F.);
#1316 = PLANE('',#1317);
#1317 = AXIS2_PLACEMENT_3D('',#1318,#1319,#1320);
#1318 = CARTESIAN_POINT('',(-1.665079515717E-17,-2.76270510541,0.));
#1319 = DIRECTION('',(0.,1.,0.));
#1320 = DIRECTION('',(1.,0.,0.));
#1321 = ADVANCED_FACE('',(#1322),#1333,.T.);
#1322 = FACE_BOUND('',#1323,.T.);
#1323 = EDGE_LOOP('',(#1324,#1330,#1331,#1332));
#1324 = ORIENTED_EDGE('',*,*,#1325,.T.);
#1325 = EDGE_CURVE('',#272,#794,#1326,.T.);
#1326 = LINE('',#1327,#1328);
#1327 = CARTESIAN_POINT('',(-5.01271018542,-31.90006350012,0.));
#1328 = VECTOR('',#1329,1.);
#1329 = DIRECTION('',(0.,0.,1.));
#1330 = ORIENTED_EDGE('',*,*,#802,.T.);
#1331 = ORIENTED_EDGE('',*,*,#1291,.F.);
#1332 = ORIENTED_EDGE('',*,*,#280,.F.);
#1333 = PLANE('',#1334);
#1334 = AXIS2_PLACEMENT_3D('',#1335,#1336,#1337);
#1335 = CARTESIAN_POINT('',(-5.01271018542,-31.90006350012,0.));
#1336 = DIRECTION('',(1.,3.170093014011E-15,-0.));
#1337 = DIRECTION('',(3.170093014011E-15,-1.,0.));
#1338 = ADVANCED_FACE('',(#1339),#1350,.T.);
#1339 = FACE_BOUND('',#1340,.T.);
#1340 = EDGE_LOOP('',(#1341,#1342,#1343,#1349));
#1341 = ORIENTED_EDGE('',*,*,#1310,.T.);
#1342 = ORIENTED_EDGE('',*,*,#702,.T.);
#1343 = ORIENTED_EDGE('',*,*,#1344,.F.);
#1344 = EDGE_CURVE('',#181,#703,#1345,.T.);
#1345 = LINE('',#1346,#1347);
#1346 = CARTESIAN_POINT('',(0.987302514605,-5.63731013462,0.));
#1347 = VECTOR('',#1348,1.);
#1348 = DIRECTION('',(0.,0.,1.));
#1349 = ORIENTED_EDGE('',*,*,#180,.F.);
#1350 = PLANE('',#1351);
#1351 = AXIS2_PLACEMENT_3D('',#1352,#1353,#1354);
#1352 = CARTESIAN_POINT('',(0.987302514605,-2.76270510541,0.));
#1353 = DIRECTION('',(1.,3.862175893188E-17,-0.));
#1354 = DIRECTION('',(3.862175893188E-17,-1.,0.));
#1355 = ADVANCED_FACE('',(#1356),#1367,.F.);
#1356 = FACE_BOUND('',#1357,.T.);
#1357 = EDGE_LOOP('',(#1358,#1364,#1365,#1366));
#1358 = ORIENTED_EDGE('',*,*,#1359,.T.);
#1359 = EDGE_CURVE('',#264,#786,#1360,.T.);
#1360 = LINE('',#1361,#1362);
#1361 = CARTESIAN_POINT('',(-2.50000508001,-29.38735839471,0.));
#1362 = VECTOR('',#1363,1.);
#1363 = DIRECTION('',(0.,0.,1.));
#1364 = ORIENTED_EDGE('',*,*,#793,.T.);
#1365 = ORIENTED_EDGE('',*,*,#1325,.F.);
#1366 = ORIENTED_EDGE('',*,*,#271,.F.);
#1367 = CYLINDRICAL_SURFACE('',#1368,2.51270510541);
#1368 = AXIS2_PLACEMENT_3D('',#1369,#1370,#1371);
#1369 = CARTESIAN_POINT('',(-2.50000508001,-31.90006350012,0.));
#1370 = DIRECTION('',(-0.,-0.,-1.));
#1371 = DIRECTION('',(-2.062042657732E-15,1.,0.));
#1372 = ADVANCED_FACE('',(#1373),#1384,.T.);
#1373 = FACE_BOUND('',#1374,.T.);
#1374 = EDGE_LOOP('',(#1375,#1376,#1377,#1383));
#1375 = ORIENTED_EDGE('',*,*,#1344,.T.);
#1376 = ORIENTED_EDGE('',*,*,#710,.T.);
#1377 = ORIENTED_EDGE('',*,*,#1378,.F.);
#1378 = EDGE_CURVE('',#189,#711,#1379,.T.);
#1379 = LINE('',#1380,#1381);
#1380 = CARTESIAN_POINT('',(0.,-5.63731013462,0.));
#1381 = VECTOR('',#1382,1.);
#1382 = DIRECTION('',(0.,0.,1.));
#1383 = ORIENTED_EDGE('',*,*,#188,.F.);
#1384 = PLANE('',#1385);
#1385 = AXIS2_PLACEMENT_3D('',#1386,#1387,#1388);
#1386 = CARTESIAN_POINT('',(0.987302514605,-5.63731013462,0.));
#1387 = DIRECTION('',(0.,-1.,0.));
#1388 = DIRECTION('',(-1.,0.,0.));
#1389 = ADVANCED_FACE('',(#1390),#1401,.T.);
#1390 = FACE_BOUND('',#1391,.T.);
#1391 = EDGE_LOOP('',(#1392,#1398,#1399,#1400));
#1392 = ORIENTED_EDGE('',*,*,#1393,.T.);
#1393 = EDGE_CURVE('',#256,#778,#1394,.T.);
#1394 = LINE('',#1395,#1396);
#1395 = CARTESIAN_POINT('',(-1.270002540005E-02,-29.38735839471,0.));
#1396 = VECTOR('',#1397,1.);
#1397 = DIRECTION('',(0.,0.,1.));
#1398 = ORIENTED_EDGE('',*,*,#785,.T.);
#1399 = ORIENTED_EDGE('',*,*,#1359,.F.);
#1400 = ORIENTED_EDGE('',*,*,#263,.F.);
#1401 = PLANE('',#1402);
#1402 = AXIS2_PLACEMENT_3D('',#1403,#1404,#1405);
#1403 = CARTESIAN_POINT('',(-1.270002540005E-02,-29.38735839471,0.));
#1404 = DIRECTION('',(0.,-1.,0.));
#1405 = DIRECTION('',(-1.,0.,0.));
#1406 = ADVANCED_FACE('',(#1407),#1418,.F.);
#1407 = FACE_BOUND('',#1408,.T.);
#1408 = EDGE_LOOP('',(#1409,#1410,#1411,#1417));
#1409 = ORIENTED_EDGE('',*,*,#1378,.T.);
#1410 = ORIENTED_EDGE('',*,*,#718,.T.);
#1411 = ORIENTED_EDGE('',*,*,#1412,.F.);
#1412 = EDGE_CURVE('',#197,#719,#1413,.T.);
#1413 = LINE('',#1414,#1415);
#1414 = CARTESIAN_POINT('',(-1.270002540005E-02,-5.65001016002,0.));
#1415 = VECTOR('',#1416,1.);
#1416 = DIRECTION('',(0.,0.,1.));
#1417 = ORIENTED_EDGE('',*,*,#196,.F.);
#1418 = CYLINDRICAL_SURFACE('',#1419,1.270002540005E-02);
#1419 = AXIS2_PLACEMENT_3D('',#1420,#1421,#1422);
#1420 = CARTESIAN_POINT('',(-6.607888384392E-17,-5.65001016002,0.));
#1421 = DIRECTION('',(-0.,-0.,-1.));
#1422 = DIRECTION('',(5.215601820801E-15,1.,-0.));
#1423 = ADVANCED_FACE('',(#1424),#1435,.T.);
#1424 = FACE_BOUND('',#1425,.T.);
#1425 = EDGE_LOOP('',(#1426,#1432,#1433,#1434));
#1426 = ORIENTED_EDGE('',*,*,#1427,.T.);
#1427 = EDGE_CURVE('',#247,#769,#1428,.T.);
#1428 = LINE('',#1429,#1430);
#1429 = CARTESIAN_POINT('',(-1.270002540005E-02,-26.6500533401,0.));
#1430 = VECTOR('',#1431,1.);
#1431 = DIRECTION('',(0.,0.,1.));
#1432 = ORIENTED_EDGE('',*,*,#777,.T.);
#1433 = ORIENTED_EDGE('',*,*,#1393,.F.);
#1434 = ORIENTED_EDGE('',*,*,#255,.F.);
#1435 = PLANE('',#1436);
#1436 = AXIS2_PLACEMENT_3D('',#1437,#1438,#1439);
#1437 = CARTESIAN_POINT('',(-1.270002540005E-02,-26.6500533401,0.));
#1438 = DIRECTION('',(1.,6.02047367502E-17,-0.));
#1439 = DIRECTION('',(6.02047367502E-17,-1.,0.));
#1440 = ADVANCED_FACE('',(#1441),#1452,.T.);
#1441 = FACE_BOUND('',#1442,.T.);
#1442 = EDGE_LOOP('',(#1443,#1444,#1445,#1451));
#1443 = ORIENTED_EDGE('',*,*,#1412,.T.);
#1444 = ORIENTED_EDGE('',*,*,#727,.T.);
#1445 = ORIENTED_EDGE('',*,*,#1446,.F.);
#1446 = EDGE_CURVE('',#206,#728,#1447,.T.);
#1447 = LINE('',#1448,#1449);
#1448 = CARTESIAN_POINT('',(-1.270002540005E-02,-23.75004826009,0.));
#1449 = VECTOR('',#1450,1.);
#1450 = DIRECTION('',(0.,0.,1.));
#1451 = ORIENTED_EDGE('',*,*,#205,.F.);
#1452 = PLANE('',#1453);
#1453 = AXIS2_PLACEMENT_3D('',#1454,#1455,#1456);
#1454 = CARTESIAN_POINT('',(-1.270002540005E-02,-5.65001016002,0.));
#1455 = DIRECTION('',(1.,6.114647778938E-17,-0.));
#1456 = DIRECTION('',(6.114647778938E-17,-1.,0.));
#1457 = ADVANCED_FACE('',(#1458),#1469,.F.);
#1458 = FACE_BOUND('',#1459,.T.);
#1459 = EDGE_LOOP('',(#1460,#1466,#1467,#1468));
#1460 = ORIENTED_EDGE('',*,*,#1461,.T.);
#1461 = EDGE_CURVE('',#239,#761,#1462,.T.);
#1462 = LINE('',#1463,#1464);
#1463 = CARTESIAN_POINT('',(0.,-26.6373533147,0.));
#1464 = VECTOR('',#1465,1.);
#1465 = DIRECTION('',(0.,0.,1.));
#1466 = ORIENTED_EDGE('',*,*,#768,.T.);
#1467 = ORIENTED_EDGE('',*,*,#1427,.F.);
#1468 = ORIENTED_EDGE('',*,*,#246,.F.);
#1469 = CYLINDRICAL_SURFACE('',#1470,1.270002540005E-02);
#1470 = AXIS2_PLACEMENT_3D('',#1471,#1472,#1473);
#1471 = CARTESIAN_POINT('',(-6.607888384392E-17,-26.6500533401,0.));
#1472 = DIRECTION('',(-0.,-0.,-1.));
#1473 = DIRECTION('',(5.215601820801E-15,1.,-0.));
#1474 = ADVANCED_FACE('',(#1475),#1486,.F.);
#1475 = FACE_BOUND('',#1476,.T.);
#1476 = EDGE_LOOP('',(#1477,#1478,#1479,#1485));
#1477 = ORIENTED_EDGE('',*,*,#1446,.T.);
#1478 = ORIENTED_EDGE('',*,*,#735,.T.);
#1479 = ORIENTED_EDGE('',*,*,#1480,.F.);
#1480 = EDGE_CURVE('',#214,#736,#1481,.T.);
#1481 = LINE('',#1482,#1483);
#1482 = CARTESIAN_POINT('',(-3.488131849066E-18,-23.76274828549,0.));
#1483 = VECTOR('',#1484,1.);
#1484 = DIRECTION('',(0.,0.,1.));
#1485 = ORIENTED_EDGE('',*,*,#213,.F.);
#1486 = CYLINDRICAL_SURFACE('',#1487,1.270002540005E-02);
#1487 = AXIS2_PLACEMENT_3D('',#1488,#1489,#1490);
#1488 = CARTESIAN_POINT('',(2.202665133622E-15,-23.75004826009,0.));
#1489 = DIRECTION('',(-0.,-0.,-1.));
#1490 = DIRECTION('',(-1.,-2.369235419709E-13,0.));
#1491 = ADVANCED_FACE('',(#1492),#1503,.T.);
#1492 = FACE_BOUND('',#1493,.T.);
#1493 = EDGE_LOOP('',(#1494,#1500,#1501,#1502));
#1494 = ORIENTED_EDGE('',*,*,#1495,.T.);
#1495 = EDGE_CURVE('',#231,#753,#1496,.T.);
#1496 = LINE('',#1497,#1498);
#1497 = CARTESIAN_POINT('',(0.987302514605,-26.6373533147,0.));
#1498 = VECTOR('',#1499,1.);
#1499 = DIRECTION('',(0.,0.,1.));
#1500 = ORIENTED_EDGE('',*,*,#760,.T.);
#1501 = ORIENTED_EDGE('',*,*,#1461,.F.);
#1502 = ORIENTED_EDGE('',*,*,#238,.F.);
#1503 = PLANE('',#1504);
#1504 = AXIS2_PLACEMENT_3D('',#1505,#1506,#1507);
#1505 = CARTESIAN_POINT('',(0.987302514605,-26.6373533147,0.));
#1506 = DIRECTION('',(0.,-1.,0.));
#1507 = DIRECTION('',(-1.,0.,0.));
#1508 = ADVANCED_FACE('',(#1509),#1520,.T.);
#1509 = FACE_BOUND('',#1510,.T.);
#1510 = EDGE_LOOP('',(#1511,#1512,#1513,#1519));
#1511 = ORIENTED_EDGE('',*,*,#1480,.T.);
#1512 = ORIENTED_EDGE('',*,*,#744,.T.);
#1513 = ORIENTED_EDGE('',*,*,#1514,.F.);
#1514 = EDGE_CURVE('',#223,#745,#1515,.T.);
#1515 = LINE('',#1516,#1517);
#1516 = CARTESIAN_POINT('',(0.987302514605,-23.76274828549,0.));
#1517 = VECTOR('',#1518,1.);
#1518 = DIRECTION('',(0.,0.,1.));
#1519 = ORIENTED_EDGE('',*,*,#222,.F.);
#1520 = PLANE('',#1521);
#1521 = AXIS2_PLACEMENT_3D('',#1522,#1523,#1524);
#1522 = CARTESIAN_POINT('',(-3.670283637395E-18,-23.76274828549,0.));
#1523 = DIRECTION('',(0.,1.,0.));
#1524 = DIRECTION('',(1.,0.,0.));
#1525 = ADVANCED_FACE('',(#1526),#1532,.T.);
#1526 = FACE_BOUND('',#1527,.T.);
#1527 = EDGE_LOOP('',(#1528,#1529,#1530,#1531));
#1528 = ORIENTED_EDGE('',*,*,#1514,.T.);
#1529 = ORIENTED_EDGE('',*,*,#752,.T.);
#1530 = ORIENTED_EDGE('',*,*,#1495,.F.);
#1531 = ORIENTED_EDGE('',*,*,#230,.F.);
#1532 = PLANE('',#1533);
#1533 = AXIS2_PLACEMENT_3D('',#1534,#1535,#1536);
#1534 = CARTESIAN_POINT('',(0.987302514605,-23.76274828549,0.));
#1535 = DIRECTION('',(1.,3.862175893188E-17,-0.));
#1536 = DIRECTION('',(3.862175893188E-17,-1.,0.));
#1537 = ADVANCED_FACE('',(#1538),#1554,.F.);
#1538 = FACE_BOUND('',#1539,.F.);
#1539 = EDGE_LOOP('',(#1540,#1546,#1547,#1553));
#1540 = ORIENTED_EDGE('',*,*,#1541,.T.);
#1541 = EDGE_CURVE('',#324,#846,#1542,.T.);
#1542 = LINE('',#1543,#1544);
#1543 = CARTESIAN_POINT('',(-8.00001524003,-28.40005588011,0.));
#1544 = VECTOR('',#1545,1.);
#1545 = DIRECTION('',(0.,0.,1.));
#1546 = ORIENTED_EDGE('',*,*,#845,.T.);
#1547 = ORIENTED_EDGE('',*,*,#1548,.F.);
#1548 = EDGE_CURVE('',#326,#848,#1549,.T.);
#1549 = LINE('',#1550,#1551);
#1550 = CARTESIAN_POINT('',(-5.00001016002,-28.40005588011,0.));
#1551 = VECTOR('',#1552,1.);
#1552 = DIRECTION('',(0.,0.,1.));
#1553 = ORIENTED_EDGE('',*,*,#323,.F.);
#1554 = PLANE('',#1555);
#1555 = AXIS2_PLACEMENT_3D('',#1556,#1557,#1558);
#1556 = CARTESIAN_POINT('',(-8.00001524003,-28.40005588011,0.));
#1557 = DIRECTION('',(0.,1.,0.));
#1558 = DIRECTION('',(1.,0.,0.));
#1559 = ADVANCED_FACE('',(#1560),#1571,.F.);
#1560 = FACE_BOUND('',#1561,.F.);
#1561 = EDGE_LOOP('',(#1562,#1563,#1564,#1570));
#1562 = ORIENTED_EDGE('',*,*,#1548,.T.);
#1563 = ORIENTED_EDGE('',*,*,#871,.T.);
#1564 = ORIENTED_EDGE('',*,*,#1565,.F.);
#1565 = EDGE_CURVE('',#342,#864,#1566,.T.);
#1566 = LINE('',#1567,#1568);
#1567 = CARTESIAN_POINT('',(-5.00001016002,-29.40005842011,0.));
#1568 = VECTOR('',#1569,1.);
#1569 = DIRECTION('',(0.,0.,1.));
#1570 = ORIENTED_EDGE('',*,*,#349,.F.);
#1571 = PLANE('',#1572);
#1572 = AXIS2_PLACEMENT_3D('',#1573,#1574,#1575);
#1573 = CARTESIAN_POINT('',(-5.00001016002,-28.40005588011,0.));
#1574 = DIRECTION('',(1.,0.,-0.));
#1575 = DIRECTION('',(0.,-1.,0.));
#1576 = ADVANCED_FACE('',(#1577),#1588,.F.);
#1577 = FACE_BOUND('',#1578,.F.);
#1578 = EDGE_LOOP('',(#1579,#1580,#1581,#1587));
#1579 = ORIENTED_EDGE('',*,*,#1565,.T.);
#1580 = ORIENTED_EDGE('',*,*,#863,.T.);
#1581 = ORIENTED_EDGE('',*,*,#1582,.F.);
#1582 = EDGE_CURVE('',#334,#856,#1583,.T.);
#1583 = LINE('',#1584,#1585);
#1584 = CARTESIAN_POINT('',(-8.00001524003,-29.40005842011,0.));
#1585 = VECTOR('',#1586,1.);
#1586 = DIRECTION('',(0.,0.,1.));
#1587 = ORIENTED_EDGE('',*,*,#341,.F.);
#1588 = PLANE('',#1589);
#1589 = AXIS2_PLACEMENT_3D('',#1590,#1591,#1592);
#1590 = CARTESIAN_POINT('',(-5.00001016002,-29.40005842011,0.));
#1591 = DIRECTION('',(0.,-1.,0.));
#1592 = DIRECTION('',(-1.,0.,0.));
#1593 = ADVANCED_FACE('',(#1594),#1600,.F.);
#1594 = FACE_BOUND('',#1595,.F.);
#1595 = EDGE_LOOP('',(#1596,#1597,#1598,#1599));
#1596 = ORIENTED_EDGE('',*,*,#1582,.T.);
#1597 = ORIENTED_EDGE('',*,*,#855,.T.);
#1598 = ORIENTED_EDGE('',*,*,#1541,.F.);
#1599 = ORIENTED_EDGE('',*,*,#333,.F.);
#1600 = PLANE('',#1601);
#1601 = AXIS2_PLACEMENT_3D('',#1602,#1603,#1604);
#1602 = CARTESIAN_POINT('',(-8.00001524003,-29.40005842011,0.));
#1603 = DIRECTION('',(-1.,0.,0.));
#1604 = DIRECTION('',(0.,1.,0.));
#1605 = ADVANCED_FACE('',(#1606),#1622,.F.);
#1606 = FACE_BOUND('',#1607,.F.);
#1607 = EDGE_LOOP('',(#1608,#1614,#1615,#1621));
#1608 = ORIENTED_EDGE('',*,*,#1609,.T.);
#1609 = EDGE_CURVE('',#358,#880,#1610,.T.);
#1610 = LINE('',#1611,#1612);
#1611 = CARTESIAN_POINT('',(-15.29292444282,-21.69276516855,0.));
#1612 = VECTOR('',#1613,1.);
#1613 = DIRECTION('',(0.,0.,1.));
#1614 = ORIENTED_EDGE('',*,*,#879,.T.);
#1615 = ORIENTED_EDGE('',*,*,#1616,.F.);
#1616 = EDGE_CURVE('',#360,#882,#1617,.T.);
#1617 = LINE('',#1618,#1619);
#1618 = CARTESIAN_POINT('',(-15.29292444282,-20.27854801407,0.));
#1619 = VECTOR('',#1620,1.);
#1620 = DIRECTION('',(0.,0.,1.));
#1621 = ORIENTED_EDGE('',*,*,#357,.F.);
#1622 = CYLINDRICAL_SURFACE('',#1623,1.000002540005);
#1623 = AXIS2_PLACEMENT_3D('',#1624,#1625,#1626);
#1624 = CARTESIAN_POINT('',(-14.58581586558,-20.98565659131,0.));
#1625 = DIRECTION('',(0.,0.,-1.));
#1626 = DIRECTION('',(-0.707106781187,-0.707106781187,-0.));
#1627 = ADVANCED_FACE('',(#1628),#1639,.F.);
#1628 = FACE_BOUND('',#1629,.F.);
#1629 = EDGE_LOOP('',(#1630,#1631,#1632,#1638));
#1630 = ORIENTED_EDGE('',*,*,#1616,.T.);
#1631 = ORIENTED_EDGE('',*,*,#925,.T.);
#1632 = ORIENTED_EDGE('',*,*,#1633,.F.);
#1633 = EDGE_CURVE('',#395,#917,#1634,.T.);
#1634 = LINE('',#1635,#1636);
#1635 = CARTESIAN_POINT('',(-9.636059417003,-14.62168298825,0.));
#1636 = VECTOR('',#1637,1.);
#1637 = DIRECTION('',(0.,0.,1.));
#1638 = ORIENTED_EDGE('',*,*,#403,.F.);
#1639 = PLANE('',#1640);
#1640 = AXIS2_PLACEMENT_3D('',#1641,#1642,#1643);
#1641 = CARTESIAN_POINT('',(-15.29292444282,-20.27854801407,0.));
#1642 = DIRECTION('',(-0.707106781187,0.707106781187,0.));
#1643 = DIRECTION('',(0.707106781187,0.707106781187,0.));
#1644 = ADVANCED_FACE('',(#1645),#1656,.F.);
#1645 = FACE_BOUND('',#1646,.F.);
#1646 = EDGE_LOOP('',(#1647,#1648,#1649,#1655));
#1647 = ORIENTED_EDGE('',*,*,#1633,.T.);
#1648 = ORIENTED_EDGE('',*,*,#916,.T.);
#1649 = ORIENTED_EDGE('',*,*,#1650,.F.);
#1650 = EDGE_CURVE('',#386,#908,#1651,.T.);
#1651 = LINE('',#1652,#1653);
#1652 = CARTESIAN_POINT('',(-8.221842262521,-14.62168298825,0.));
#1653 = VECTOR('',#1654,1.);
#1654 = DIRECTION('',(0.,0.,1.));
#1655 = ORIENTED_EDGE('',*,*,#394,.F.);
#1656 = CYLINDRICAL_SURFACE('',#1657,1.000002540005);
#1657 = AXIS2_PLACEMENT_3D('',#1658,#1659,#1660);
#1658 = CARTESIAN_POINT('',(-8.928950839762,-15.32879156549,0.));
#1659 = DIRECTION('',(0.,0.,-1.));
#1660 = DIRECTION('',(-0.707106781187,0.707106781187,0.));
#1661 = ADVANCED_FACE('',(#1662),#1673,.F.);
#1662 = FACE_BOUND('',#1663,.F.);
#1663 = EDGE_LOOP('',(#1664,#1665,#1666,#1672));
#1664 = ORIENTED_EDGE('',*,*,#1650,.T.);
#1665 = ORIENTED_EDGE('',*,*,#907,.T.);
#1666 = ORIENTED_EDGE('',*,*,#1667,.F.);
#1667 = EDGE_CURVE('',#378,#900,#1668,.T.);
#1668 = LINE('',#1669,#1670);
#1669 = CARTESIAN_POINT('',(-8.221842262521,-16.03590014273,0.));
#1670 = VECTOR('',#1671,1.);
#1671 = DIRECTION('',(0.,0.,1.));
#1672 = ORIENTED_EDGE('',*,*,#385,.F.);
#1673 = CYLINDRICAL_SURFACE('',#1674,1.000002540005);
#1674 = AXIS2_PLACEMENT_3D('',#1675,#1676,#1677);
#1675 = CARTESIAN_POINT('',(-8.928950839762,-15.32879156549,0.));
#1676 = DIRECTION('',(0.,0.,-1.));
#1677 = DIRECTION('',(0.707106781187,0.707106781187,0.));
#1678 = ADVANCED_FACE('',(#1679),#1690,.F.);
#1679 = FACE_BOUND('',#1680,.F.);
#1680 = EDGE_LOOP('',(#1681,#1682,#1683,#1689));
#1681 = ORIENTED_EDGE('',*,*,#1667,.T.);
#1682 = ORIENTED_EDGE('',*,*,#899,.T.);
#1683 = ORIENTED_EDGE('',*,*,#1684,.F.);
#1684 = EDGE_CURVE('',#369,#891,#1685,.T.);
#1685 = LINE('',#1686,#1687);
#1686 = CARTESIAN_POINT('',(-13.87870728834,-21.69276516855,0.));
#1687 = VECTOR('',#1688,1.);
#1688 = DIRECTION('',(0.,0.,1.));
#1689 = ORIENTED_EDGE('',*,*,#377,.F.);
#1690 = PLANE('',#1691);
#1691 = AXIS2_PLACEMENT_3D('',#1692,#1693,#1694);
#1692 = CARTESIAN_POINT('',(-8.221842262521,-16.03590014273,0.));
#1693 = DIRECTION('',(0.707106781187,-0.707106781187,0.));
#1694 = DIRECTION('',(-0.707106781187,-0.707106781187,0.));
#1695 = ADVANCED_FACE('',(#1696),#1702,.F.);
#1696 = FACE_BOUND('',#1697,.F.);
#1697 = EDGE_LOOP('',(#1698,#1699,#1700,#1701));
#1698 = ORIENTED_EDGE('',*,*,#1684,.T.);
#1699 = ORIENTED_EDGE('',*,*,#890,.T.);
#1700 = ORIENTED_EDGE('',*,*,#1609,.F.);
#1701 = ORIENTED_EDGE('',*,*,#368,.F.);
#1702 = CYLINDRICAL_SURFACE('',#1703,1.000002540005);
#1703 = AXIS2_PLACEMENT_3D('',#1704,#1705,#1706);
#1704 = CARTESIAN_POINT('',(-14.58581586558,-20.98565659131,0.));
#1705 = DIRECTION('',(-0.,0.,-1.));
#1706 = DIRECTION('',(0.707106781187,-0.707106781187,-0.));
#1707 = ADVANCED_FACE('',(#1708),#1724,.F.);
#1708 = FACE_BOUND('',#1709,.F.);
#1709 = EDGE_LOOP('',(#1710,#1716,#1717,#1723));
#1710 = ORIENTED_EDGE('',*,*,#1711,.T.);
#1711 = EDGE_CURVE('',#412,#934,#1712,.T.);
#1712 = LINE('',#1713,#1714);
#1713 = CARTESIAN_POINT('',(-20.00004064008,-28.40005588011,0.));
#1714 = VECTOR('',#1715,1.);
#1715 = DIRECTION('',(0.,0.,1.));
#1716 = ORIENTED_EDGE('',*,*,#933,.T.);
#1717 = ORIENTED_EDGE('',*,*,#1718,.F.);
#1718 = EDGE_CURVE('',#414,#936,#1719,.T.);
#1719 = LINE('',#1720,#1721);
#1720 = CARTESIAN_POINT('',(-17.00003556007,-28.40005588011,0.));
#1721 = VECTOR('',#1722,1.);
#1722 = DIRECTION('',(0.,0.,1.));
#1723 = ORIENTED_EDGE('',*,*,#411,.F.);
#1724 = PLANE('',#1725);
#1725 = AXIS2_PLACEMENT_3D('',#1726,#1727,#1728);
#1726 = CARTESIAN_POINT('',(-20.00004064008,-28.40005588011,0.));
#1727 = DIRECTION('',(0.,1.,0.));
#1728 = DIRECTION('',(1.,0.,0.));
#1729 = ADVANCED_FACE('',(#1730),#1741,.F.);
#1730 = FACE_BOUND('',#1731,.F.);
#1731 = EDGE_LOOP('',(#1732,#1733,#1734,#1740));
#1732 = ORIENTED_EDGE('',*,*,#1718,.T.);
#1733 = ORIENTED_EDGE('',*,*,#959,.T.);
#1734 = ORIENTED_EDGE('',*,*,#1735,.F.);
#1735 = EDGE_CURVE('',#430,#952,#1736,.T.);
#1736 = LINE('',#1737,#1738);
#1737 = CARTESIAN_POINT('',(-17.00003556007,-29.40005842011,0.));
#1738 = VECTOR('',#1739,1.);
#1739 = DIRECTION('',(0.,0.,1.));
#1740 = ORIENTED_EDGE('',*,*,#437,.F.);
#1741 = PLANE('',#1742);
#1742 = AXIS2_PLACEMENT_3D('',#1743,#1744,#1745);
#1743 = CARTESIAN_POINT('',(-17.00003556007,-28.40005588011,0.));
#1744 = DIRECTION('',(1.,0.,-0.));
#1745 = DIRECTION('',(0.,-1.,0.));
#1746 = ADVANCED_FACE('',(#1747),#1758,.F.);
#1747 = FACE_BOUND('',#1748,.F.);
#1748 = EDGE_LOOP('',(#1749,#1750,#1751,#1757));
#1749 = ORIENTED_EDGE('',*,*,#1735,.T.);
#1750 = ORIENTED_EDGE('',*,*,#951,.T.);
#1751 = ORIENTED_EDGE('',*,*,#1752,.F.);
#1752 = EDGE_CURVE('',#422,#944,#1753,.T.);
#1753 = LINE('',#1754,#1755);
#1754 = CARTESIAN_POINT('',(-20.00004064008,-29.40005842011,0.));
#1755 = VECTOR('',#1756,1.);
#1756 = DIRECTION('',(0.,0.,1.));
#1757 = ORIENTED_EDGE('',*,*,#429,.F.);
#1758 = PLANE('',#1759);
#1759 = AXIS2_PLACEMENT_3D('',#1760,#1761,#1762);
#1760 = CARTESIAN_POINT('',(-17.00003556007,-29.40005842011,0.));
#1761 = DIRECTION('',(0.,-1.,0.));
#1762 = DIRECTION('',(-1.,0.,0.));
#1763 = ADVANCED_FACE('',(#1764),#1770,.F.);
#1764 = FACE_BOUND('',#1765,.F.);
#1765 = EDGE_LOOP('',(#1766,#1767,#1768,#1769));
#1766 = ORIENTED_EDGE('',*,*,#1752,.T.);
#1767 = ORIENTED_EDGE('',*,*,#943,.T.);
#1768 = ORIENTED_EDGE('',*,*,#1711,.F.);
#1769 = ORIENTED_EDGE('',*,*,#421,.F.);
#1770 = PLANE('',#1771);
#1771 = AXIS2_PLACEMENT_3D('',#1772,#1773,#1774);
#1772 = CARTESIAN_POINT('',(-20.00004064008,-29.40005842011,0.));
#1773 = DIRECTION('',(-1.,0.,0.));
#1774 = DIRECTION('',(0.,1.,0.));
#1775 = ADVANCED_FACE('',(#1776),#1792,.F.);
#1776 = FACE_BOUND('',#1777,.F.);
#1777 = EDGE_LOOP('',(#1778,#1784,#1785,#1791));
#1778 = ORIENTED_EDGE('',*,*,#1779,.T.);
#1779 = EDGE_CURVE('',#446,#968,#1780,.T.);
#1780 = LINE('',#1781,#1782);
#1781 = CARTESIAN_POINT('',(-19.79293206284,-20.70277024856,0.));
#1782 = VECTOR('',#1783,1.);
#1783 = DIRECTION('',(0.,0.,1.));
#1784 = ORIENTED_EDGE('',*,*,#967,.T.);
#1785 = ORIENTED_EDGE('',*,*,#1786,.F.);
#1786 = EDGE_CURVE('',#448,#970,#1787,.T.);
#1787 = LINE('',#1788,#1789);
#1788 = CARTESIAN_POINT('',(-19.79293206284,-19.28855309408,0.));
#1789 = VECTOR('',#1790,1.);
#1790 = DIRECTION('',(0.,0.,1.));
#1791 = ORIENTED_EDGE('',*,*,#445,.F.);
#1792 = CYLINDRICAL_SURFACE('',#1793,1.000002540005);
#1793 = AXIS2_PLACEMENT_3D('',#1794,#1795,#1796);
#1794 = CARTESIAN_POINT('',(-19.08582348559,-19.99566167132,0.));
#1795 = DIRECTION('',(0.,0.,-1.));
#1796 = DIRECTION('',(-0.707106781187,-0.707106781187,-0.));
#1797 = ADVANCED_FACE('',(#1798),#1809,.F.);
#1798 = FACE_BOUND('',#1799,.F.);
#1799 = EDGE_LOOP('',(#1800,#1801,#1802,#1808));
#1800 = ORIENTED_EDGE('',*,*,#1786,.T.);
#1801 = ORIENTED_EDGE('',*,*,#1013,.T.);
#1802 = ORIENTED_EDGE('',*,*,#1803,.F.);
#1803 = EDGE_CURVE('',#483,#1005,#1804,.T.);
#1804 = LINE('',#1805,#1806);
#1805 = CARTESIAN_POINT('',(-10.60052594686,-10.0961469781,0.));
#1806 = VECTOR('',#1807,1.);
#1807 = DIRECTION('',(0.,0.,1.));
#1808 = ORIENTED_EDGE('',*,*,#491,.F.);
#1809 = PLANE('',#1810);
#1810 = AXIS2_PLACEMENT_3D('',#1811,#1812,#1813);
#1811 = CARTESIAN_POINT('',(-19.79293206284,-19.28855309408,0.));
#1812 = DIRECTION('',(-0.707106781187,0.707106781187,0.));
#1813 = DIRECTION('',(0.707106781187,0.707106781187,0.));
#1814 = ADVANCED_FACE('',(#1815),#1826,.F.);
#1815 = FACE_BOUND('',#1816,.F.);
#1816 = EDGE_LOOP('',(#1817,#1818,#1819,#1825));
#1817 = ORIENTED_EDGE('',*,*,#1803,.T.);
#1818 = ORIENTED_EDGE('',*,*,#1004,.T.);
#1819 = ORIENTED_EDGE('',*,*,#1820,.F.);
#1820 = EDGE_CURVE('',#474,#996,#1821,.T.);
#1821 = LINE('',#1822,#1823);
#1822 = CARTESIAN_POINT('',(-9.186308792384,-10.0961469781,0.));
#1823 = VECTOR('',#1824,1.);
#1824 = DIRECTION('',(0.,0.,1.));
#1825 = ORIENTED_EDGE('',*,*,#482,.F.);
#1826 = CYLINDRICAL_SURFACE('',#1827,1.000002540005);
#1827 = AXIS2_PLACEMENT_3D('',#1828,#1829,#1830);
#1828 = CARTESIAN_POINT('',(-9.893417369625,-10.80325555535,0.));
#1829 = DIRECTION('',(0.,0.,-1.));
#1830 = DIRECTION('',(-0.707106781187,0.707106781187,0.));
#1831 = ADVANCED_FACE('',(#1832),#1843,.F.);
#1832 = FACE_BOUND('',#1833,.F.);
#1833 = EDGE_LOOP('',(#1834,#1835,#1836,#1842));
#1834 = ORIENTED_EDGE('',*,*,#1820,.T.);
#1835 = ORIENTED_EDGE('',*,*,#995,.T.);
#1836 = ORIENTED_EDGE('',*,*,#1837,.F.);
#1837 = EDGE_CURVE('',#466,#988,#1838,.T.);
#1838 = LINE('',#1839,#1840);
#1839 = CARTESIAN_POINT('',(-9.186308792384,-11.51036413259,0.));
#1840 = VECTOR('',#1841,1.);
#1841 = DIRECTION('',(0.,0.,1.));
#1842 = ORIENTED_EDGE('',*,*,#473,.F.);
#1843 = CYLINDRICAL_SURFACE('',#1844,1.000002540005);
#1844 = AXIS2_PLACEMENT_3D('',#1845,#1846,#1847);
#1845 = CARTESIAN_POINT('',(-9.893417369625,-10.80325555535,0.));
#1846 = DIRECTION('',(0.,0.,-1.));
#1847 = DIRECTION('',(0.707106781187,0.707106781187,0.));
#1848 = ADVANCED_FACE('',(#1849),#1860,.F.);
#1849 = FACE_BOUND('',#1850,.F.);
#1850 = EDGE_LOOP('',(#1851,#1852,#1853,#1859));
#1851 = ORIENTED_EDGE('',*,*,#1837,.T.);
#1852 = ORIENTED_EDGE('',*,*,#987,.T.);
#1853 = ORIENTED_EDGE('',*,*,#1854,.F.);
#1854 = EDGE_CURVE('',#457,#979,#1855,.T.);
#1855 = LINE('',#1856,#1857);
#1856 = CARTESIAN_POINT('',(-18.37871490835,-20.70277024856,0.));
#1857 = VECTOR('',#1858,1.);
#1858 = DIRECTION('',(0.,0.,1.));
#1859 = ORIENTED_EDGE('',*,*,#465,.F.);
#1860 = PLANE('',#1861);
#1861 = AXIS2_PLACEMENT_3D('',#1862,#1863,#1864);
#1862 = CARTESIAN_POINT('',(-9.186308792384,-11.51036413259,0.));
#1863 = DIRECTION('',(0.707106781187,-0.707106781187,0.));
#1864 = DIRECTION('',(-0.707106781187,-0.707106781187,0.));
#1865 = ADVANCED_FACE('',(#1866),#1872,.F.);
#1866 = FACE_BOUND('',#1867,.F.);
#1867 = EDGE_LOOP('',(#1868,#1869,#1870,#1871));
#1868 = ORIENTED_EDGE('',*,*,#1854,.T.);
#1869 = ORIENTED_EDGE('',*,*,#978,.T.);
#1870 = ORIENTED_EDGE('',*,*,#1779,.F.);
#1871 = ORIENTED_EDGE('',*,*,#456,.F.);
#1872 = CYLINDRICAL_SURFACE('',#1873,1.000002540005);
#1873 = AXIS2_PLACEMENT_3D('',#1874,#1875,#1876);
#1874 = CARTESIAN_POINT('',(-19.08582348559,-19.99566167132,0.));
#1875 = DIRECTION('',(-0.,0.,-1.));
#1876 = DIRECTION('',(0.707106781187,-0.707106781187,-0.));
#1877 = ADVANCED_FACE('',(#1878),#1894,.F.);
#1878 = FACE_BOUND('',#1879,.F.);
#1879 = EDGE_LOOP('',(#1880,#1886,#1887,#1893));
#1880 = ORIENTED_EDGE('',*,*,#1881,.T.);
#1881 = EDGE_CURVE('',#500,#1022,#1882,.T.);
#1882 = LINE('',#1883,#1884);
#1883 = CARTESIAN_POINT('',(-24.29294222286,-19.47342810988,0.));
#1884 = VECTOR('',#1885,1.);
#1885 = DIRECTION('',(0.,0.,1.));
#1886 = ORIENTED_EDGE('',*,*,#1021,.T.);
#1887 = ORIENTED_EDGE('',*,*,#1888,.F.);
#1888 = EDGE_CURVE('',#502,#1024,#1889,.T.);
#1889 = LINE('',#1890,#1891);
#1890 = CARTESIAN_POINT('',(-24.29294222286,-18.05921095539,0.));
#1891 = VECTOR('',#1892,1.);
#1892 = DIRECTION('',(0.,0.,1.));
#1893 = ORIENTED_EDGE('',*,*,#499,.F.);
#1894 = CYLINDRICAL_SURFACE('',#1895,1.000002540005);
#1895 = AXIS2_PLACEMENT_3D('',#1896,#1897,#1898);
#1896 = CARTESIAN_POINT('',(-23.58583364561,-18.76631953263,0.));
#1897 = DIRECTION('',(0.,0.,-1.));
#1898 = DIRECTION('',(-0.707106781187,-0.707106781187,-0.));
#1899 = ADVANCED_FACE('',(#1900),#1911,.F.);
#1900 = FACE_BOUND('',#1901,.F.);
#1901 = EDGE_LOOP('',(#1902,#1903,#1904,#1910));
#1902 = ORIENTED_EDGE('',*,*,#1888,.T.);
#1903 = ORIENTED_EDGE('',*,*,#1067,.T.);
#1904 = ORIENTED_EDGE('',*,*,#1905,.F.);
#1905 = EDGE_CURVE('',#537,#1059,#1906,.T.);
#1906 = LINE('',#1907,#1908);
#1907 = CARTESIAN_POINT('',(-11.56499501673,-5.331263749272,0.));
#1908 = VECTOR('',#1909,1.);
#1909 = DIRECTION('',(0.,0.,1.));
#1910 = ORIENTED_EDGE('',*,*,#545,.F.);
#1911 = PLANE('',#1912);
#1912 = AXIS2_PLACEMENT_3D('',#1913,#1914,#1915);
#1913 = CARTESIAN_POINT('',(-24.29294222286,-18.05921095539,0.));
#1914 = DIRECTION('',(-0.707106781187,0.707106781187,0.));
#1915 = DIRECTION('',(0.707106781187,0.707106781187,0.));
#1916 = ADVANCED_FACE('',(#1917),#1928,.F.);
#1917 = FACE_BOUND('',#1918,.F.);
#1918 = EDGE_LOOP('',(#1919,#1920,#1921,#1927));
#1919 = ORIENTED_EDGE('',*,*,#1905,.T.);
#1920 = ORIENTED_EDGE('',*,*,#1058,.T.);
#1921 = ORIENTED_EDGE('',*,*,#1922,.F.);
#1922 = EDGE_CURVE('',#528,#1050,#1923,.T.);
#1923 = LINE('',#1924,#1925);
#1924 = CARTESIAN_POINT('',(-10.15077786225,-5.331263749272,0.));
#1925 = VECTOR('',#1926,1.);
#1926 = DIRECTION('',(0.,0.,1.));
#1927 = ORIENTED_EDGE('',*,*,#536,.F.);
#1928 = CYLINDRICAL_SURFACE('',#1929,1.000002540005);
#1929 = AXIS2_PLACEMENT_3D('',#1930,#1931,#1932);
#1930 = CARTESIAN_POINT('',(-10.85788643949,-6.038372326514,0.));
#1931 = DIRECTION('',(0.,0.,-1.));
#1932 = DIRECTION('',(-0.707106781187,0.707106781187,0.));
#1933 = ADVANCED_FACE('',(#1934),#1945,.F.);
#1934 = FACE_BOUND('',#1935,.F.);
#1935 = EDGE_LOOP('',(#1936,#1937,#1938,#1944));
#1936 = ORIENTED_EDGE('',*,*,#1922,.T.);
#1937 = ORIENTED_EDGE('',*,*,#1049,.T.);
#1938 = ORIENTED_EDGE('',*,*,#1939,.F.);
#1939 = EDGE_CURVE('',#520,#1042,#1940,.T.);
#1940 = LINE('',#1941,#1942);
#1941 = CARTESIAN_POINT('',(-10.15077786225,-6.745480903755,0.));
#1942 = VECTOR('',#1943,1.);
#1943 = DIRECTION('',(0.,0.,1.));
#1944 = ORIENTED_EDGE('',*,*,#527,.F.);
#1945 = CYLINDRICAL_SURFACE('',#1946,1.000002540005);
#1946 = AXIS2_PLACEMENT_3D('',#1947,#1948,#1949);
#1947 = CARTESIAN_POINT('',(-10.85788643949,-6.038372326514,0.));
#1948 = DIRECTION('',(0.,0.,-1.));
#1949 = DIRECTION('',(0.707106781187,0.707106781187,0.));
#1950 = ADVANCED_FACE('',(#1951),#1962,.F.);
#1951 = FACE_BOUND('',#1952,.F.);
#1952 = EDGE_LOOP('',(#1953,#1954,#1955,#1961));
#1953 = ORIENTED_EDGE('',*,*,#1939,.T.);
#1954 = ORIENTED_EDGE('',*,*,#1041,.T.);
#1955 = ORIENTED_EDGE('',*,*,#1956,.F.);
#1956 = EDGE_CURVE('',#511,#1033,#1957,.T.);
#1957 = LINE('',#1958,#1959);
#1958 = CARTESIAN_POINT('',(-22.87872506837,-19.47342810988,0.));
#1959 = VECTOR('',#1960,1.);
#1960 = DIRECTION('',(0.,0.,1.));
#1961 = ORIENTED_EDGE('',*,*,#519,.F.);
#1962 = PLANE('',#1963);
#1963 = AXIS2_PLACEMENT_3D('',#1964,#1965,#1966);
#1964 = CARTESIAN_POINT('',(-10.15077786225,-6.745480903755,0.));
#1965 = DIRECTION('',(0.707106781187,-0.707106781187,0.));
#1966 = DIRECTION('',(-0.707106781187,-0.707106781187,0.));
#1967 = ADVANCED_FACE('',(#1968),#1974,.F.);
#1968 = FACE_BOUND('',#1969,.F.);
#1969 = EDGE_LOOP('',(#1970,#1971,#1972,#1973));
#1970 = ORIENTED_EDGE('',*,*,#1956,.T.);
#1971 = ORIENTED_EDGE('',*,*,#1032,.T.);
#1972 = ORIENTED_EDGE('',*,*,#1881,.F.);
#1973 = ORIENTED_EDGE('',*,*,#510,.F.);
#1974 = CYLINDRICAL_SURFACE('',#1975,1.000002540005);
#1975 = AXIS2_PLACEMENT_3D('',#1976,#1977,#1978);
#1976 = CARTESIAN_POINT('',(-23.58583364561,-18.76631953263,0.));
#1977 = DIRECTION('',(-0.,0.,-1.));
#1978 = DIRECTION('',(0.707106781187,-0.707106781187,-0.));
#1979 = ADVANCED_FACE('',(#1980),#1996,.F.);
#1980 = FACE_BOUND('',#1981,.F.);
#1981 = EDGE_LOOP('',(#1982,#1988,#1989,#1995));
#1982 = ORIENTED_EDGE('',*,*,#1983,.T.);
#1983 = EDGE_CURVE('',#554,#1076,#1984,.T.);
#1984 = LINE('',#1985,#1986);
#1985 = CARTESIAN_POINT('',(-25.29294222286,-15.08827189956,0.));
#1986 = VECTOR('',#1987,1.);
#1987 = DIRECTION('',(0.,0.,1.));
#1988 = ORIENTED_EDGE('',*,*,#1075,.T.);
#1989 = ORIENTED_EDGE('',*,*,#1990,.F.);
#1990 = EDGE_CURVE('',#556,#1078,#1991,.T.);
#1991 = LINE('',#1992,#1993);
#1992 = CARTESIAN_POINT('',(-25.29294222286,-13.67405474508,0.));
#1993 = VECTOR('',#1994,1.);
#1994 = DIRECTION('',(0.,0.,1.));
#1995 = ORIENTED_EDGE('',*,*,#553,.F.);
#1996 = CYLINDRICAL_SURFACE('',#1997,1.000002540005);
#1997 = AXIS2_PLACEMENT_3D('',#1998,#1999,#2000);
#1998 = CARTESIAN_POINT('',(-24.58583364561,-14.38116332232,0.));
#1999 = DIRECTION('',(0.,0.,-1.));
#2000 = DIRECTION('',(-0.707106781187,-0.707106781187,-0.));
#2001 = ADVANCED_FACE('',(#2002),#2013,.F.);
#2002 = FACE_BOUND('',#2003,.F.);
#2003 = EDGE_LOOP('',(#2004,#2005,#2006,#2012));
#2004 = ORIENTED_EDGE('',*,*,#1990,.T.);
#2005 = ORIENTED_EDGE('',*,*,#1121,.T.);
#2006 = ORIENTED_EDGE('',*,*,#2007,.F.);
#2007 = EDGE_CURVE('',#591,#1113,#2008,.T.);
#2008 = LINE('',#2009,#2010);
#2009 = CARTESIAN_POINT('',(-16.10053610688,-4.481648629112,0.));
#2010 = VECTOR('',#2011,1.);
#2011 = DIRECTION('',(0.,0.,1.));
#2012 = ORIENTED_EDGE('',*,*,#599,.F.);
#2013 = PLANE('',#2014);
#2014 = AXIS2_PLACEMENT_3D('',#2015,#2016,#2017);
#2015 = CARTESIAN_POINT('',(-25.29294222286,-13.67405474508,0.));
#2016 = DIRECTION('',(-0.707106781187,0.707106781187,0.));
#2017 = DIRECTION('',(0.707106781187,0.707106781187,0.));
#2018 = ADVANCED_FACE('',(#2019),#2030,.F.);
#2019 = FACE_BOUND('',#2020,.F.);
#2020 = EDGE_LOOP('',(#2021,#2022,#2023,#2029));
#2021 = ORIENTED_EDGE('',*,*,#2007,.T.);
#2022 = ORIENTED_EDGE('',*,*,#1112,.T.);
#2023 = ORIENTED_EDGE('',*,*,#2024,.F.);
#2024 = EDGE_CURVE('',#582,#1104,#2025,.T.);
#2025 = LINE('',#2026,#2027);
#2026 = CARTESIAN_POINT('',(-14.6863189524,-4.481648629112,0.));
#2027 = VECTOR('',#2028,1.);
#2028 = DIRECTION('',(0.,0.,1.));
#2029 = ORIENTED_EDGE('',*,*,#590,.F.);
#2030 = CYLINDRICAL_SURFACE('',#2031,1.000002540005);
#2031 = AXIS2_PLACEMENT_3D('',#2032,#2033,#2034);
#2032 = CARTESIAN_POINT('',(-15.39342752964,-5.188757206353,0.));
#2033 = DIRECTION('',(0.,0.,-1.));
#2034 = DIRECTION('',(-0.707106781187,0.707106781187,0.));
#2035 = ADVANCED_FACE('',(#2036),#2047,.F.);
#2036 = FACE_BOUND('',#2037,.F.);
#2037 = EDGE_LOOP('',(#2038,#2039,#2040,#2046));
#2038 = ORIENTED_EDGE('',*,*,#2024,.T.);
#2039 = ORIENTED_EDGE('',*,*,#1103,.T.);
#2040 = ORIENTED_EDGE('',*,*,#2041,.F.);
#2041 = EDGE_CURVE('',#574,#1096,#2042,.T.);
#2042 = LINE('',#2043,#2044);
#2043 = CARTESIAN_POINT('',(-14.6863189524,-5.895865783595,0.));
#2044 = VECTOR('',#2045,1.);
#2045 = DIRECTION('',(0.,0.,1.));
#2046 = ORIENTED_EDGE('',*,*,#581,.F.);
#2047 = CYLINDRICAL_SURFACE('',#2048,1.000002540005);
#2048 = AXIS2_PLACEMENT_3D('',#2049,#2050,#2051);
#2049 = CARTESIAN_POINT('',(-15.39342752964,-5.188757206353,0.));
#2050 = DIRECTION('',(0.,0.,-1.));
#2051 = DIRECTION('',(0.707106781187,0.707106781187,0.));
#2052 = ADVANCED_FACE('',(#2053),#2064,.F.);
#2053 = FACE_BOUND('',#2054,.F.);
#2054 = EDGE_LOOP('',(#2055,#2056,#2057,#2063));
#2055 = ORIENTED_EDGE('',*,*,#2041,.T.);
#2056 = ORIENTED_EDGE('',*,*,#1095,.T.);
#2057 = ORIENTED_EDGE('',*,*,#2058,.F.);
#2058 = EDGE_CURVE('',#565,#1087,#2059,.T.);
#2059 = LINE('',#2060,#2061);
#2060 = CARTESIAN_POINT('',(-23.87872506837,-15.08827189956,0.));
#2061 = VECTOR('',#2062,1.);
#2062 = DIRECTION('',(0.,0.,1.));
#2063 = ORIENTED_EDGE('',*,*,#573,.F.);
#2064 = PLANE('',#2065);
#2065 = AXIS2_PLACEMENT_3D('',#2066,#2067,#2068);
#2066 = CARTESIAN_POINT('',(-14.6863189524,-5.895865783595,0.));
#2067 = DIRECTION('',(0.707106781187,-0.707106781187,0.));
#2068 = DIRECTION('',(-0.707106781187,-0.707106781187,0.));
#2069 = ADVANCED_FACE('',(#2070),#2076,.F.);
#2070 = FACE_BOUND('',#2071,.F.);
#2071 = EDGE_LOOP('',(#2072,#2073,#2074,#2075));
#2072 = ORIENTED_EDGE('',*,*,#2058,.T.);
#2073 = ORIENTED_EDGE('',*,*,#1086,.T.);
#2074 = ORIENTED_EDGE('',*,*,#1983,.F.);
#2075 = ORIENTED_EDGE('',*,*,#564,.F.);
#2076 = CYLINDRICAL_SURFACE('',#2077,1.000002540005);
#2077 = AXIS2_PLACEMENT_3D('',#2078,#2079,#2080);
#2078 = CARTESIAN_POINT('',(-24.58583364561,-14.38116332232,0.));
#2079 = DIRECTION('',(0.,0.,-1.));
#2080 = DIRECTION('',(0.707106781187,-0.707106781187,0.));
#2081 = ADVANCED_FACE('',(#2082),#2098,.F.);
#2082 = FACE_BOUND('',#2083,.F.);
#2083 = EDGE_LOOP('',(#2084,#2090,#2091,#2097));
#2084 = ORIENTED_EDGE('',*,*,#2085,.T.);
#2085 = EDGE_CURVE('',#608,#1130,#2086,.T.);
#2086 = LINE('',#2087,#2088);
#2087 = CARTESIAN_POINT('',(-26.29294476286,-10.10805599913,0.));
#2088 = VECTOR('',#2089,1.);
#2089 = DIRECTION('',(0.,0.,1.));
#2090 = ORIENTED_EDGE('',*,*,#1129,.T.);
#2091 = ORIENTED_EDGE('',*,*,#2092,.F.);
#2092 = EDGE_CURVE('',#610,#1132,#2093,.T.);
#2093 = LINE('',#2094,#2095);
#2094 = CARTESIAN_POINT('',(-26.29294476286,-8.693838844653,0.));
#2095 = VECTOR('',#2096,1.);
#2096 = DIRECTION('',(0.,0.,1.));
#2097 = ORIENTED_EDGE('',*,*,#607,.F.);
#2098 = CYLINDRICAL_SURFACE('',#2099,1.000002540005);
#2099 = AXIS2_PLACEMENT_3D('',#2100,#2101,#2102);
#2100 = CARTESIAN_POINT('',(-25.58583618562,-9.400947421895,0.));
#2101 = DIRECTION('',(0.,0.,-1.));
#2102 = DIRECTION('',(-0.707106781187,-0.707106781187,-0.));
#2103 = ADVANCED_FACE('',(#2104),#2115,.F.);
#2104 = FACE_BOUND('',#2105,.F.);
#2105 = EDGE_LOOP('',(#2106,#2107,#2108,#2114));
#2106 = ORIENTED_EDGE('',*,*,#2092,.T.);
#2107 = ORIENTED_EDGE('',*,*,#1175,.T.);
#2108 = ORIENTED_EDGE('',*,*,#2109,.F.);
#2109 = EDGE_CURVE('',#645,#1167,#2110,.T.);
#2110 = LINE('',#2111,#2112);
#2111 = CARTESIAN_POINT('',(-20.63607973704,-3.036973818832,0.));
#2112 = VECTOR('',#2113,1.);
#2113 = DIRECTION('',(0.,0.,1.));
#2114 = ORIENTED_EDGE('',*,*,#653,.F.);
#2115 = PLANE('',#2116);
#2116 = AXIS2_PLACEMENT_3D('',#2117,#2118,#2119);
#2117 = CARTESIAN_POINT('',(-26.29294476286,-8.693838844653,0.));
#2118 = DIRECTION('',(-0.707106781187,0.707106781187,0.));
#2119 = DIRECTION('',(0.707106781187,0.707106781187,0.));
#2120 = ADVANCED_FACE('',(#2121),#2132,.F.);
#2121 = FACE_BOUND('',#2122,.F.);
#2122 = EDGE_LOOP('',(#2123,#2124,#2125,#2131));
#2123 = ORIENTED_EDGE('',*,*,#2109,.T.);
#2124 = ORIENTED_EDGE('',*,*,#1166,.T.);
#2125 = ORIENTED_EDGE('',*,*,#2126,.F.);
#2126 = EDGE_CURVE('',#636,#1158,#2127,.T.);
#2127 = LINE('',#2128,#2129);
#2128 = CARTESIAN_POINT('',(-19.22186258256,-3.036973818832,0.));
#2129 = VECTOR('',#2130,1.);
#2130 = DIRECTION('',(0.,0.,1.));
#2131 = ORIENTED_EDGE('',*,*,#644,.F.);
#2132 = CYLINDRICAL_SURFACE('',#2133,1.000002540005);
#2133 = AXIS2_PLACEMENT_3D('',#2134,#2135,#2136);
#2134 = CARTESIAN_POINT('',(-19.9289711598,-3.744082396074,0.));
#2135 = DIRECTION('',(0.,0.,-1.));
#2136 = DIRECTION('',(-0.707106781187,0.707106781187,0.));
#2137 = ADVANCED_FACE('',(#2138),#2149,.F.);
#2138 = FACE_BOUND('',#2139,.F.);
#2139 = EDGE_LOOP('',(#2140,#2141,#2142,#2148));
#2140 = ORIENTED_EDGE('',*,*,#2126,.T.);
#2141 = ORIENTED_EDGE('',*,*,#1157,.T.);
#2142 = ORIENTED_EDGE('',*,*,#2143,.F.);
#2143 = EDGE_CURVE('',#628,#1150,#2144,.T.);
#2144 = LINE('',#2145,#2146);
#2145 = CARTESIAN_POINT('',(-19.22186258256,-4.451190973315,0.));
#2146 = VECTOR('',#2147,1.);
#2147 = DIRECTION('',(0.,0.,1.));
#2148 = ORIENTED_EDGE('',*,*,#635,.F.);
#2149 = CYLINDRICAL_SURFACE('',#2150,1.000002540005);
#2150 = AXIS2_PLACEMENT_3D('',#2151,#2152,#2153);
#2151 = CARTESIAN_POINT('',(-19.9289711598,-3.744082396074,0.));
#2152 = DIRECTION('',(0.,0.,-1.));
#2153 = DIRECTION('',(0.707106781187,0.707106781187,0.));
#2154 = ADVANCED_FACE('',(#2155),#2166,.F.);
#2155 = FACE_BOUND('',#2156,.F.);
#2156 = EDGE_LOOP('',(#2157,#2158,#2159,#2165));
#2157 = ORIENTED_EDGE('',*,*,#2143,.T.);
#2158 = ORIENTED_EDGE('',*,*,#1149,.T.);
#2159 = ORIENTED_EDGE('',*,*,#2160,.F.);
#2160 = EDGE_CURVE('',#619,#1141,#2161,.T.);
#2161 = LINE('',#2162,#2163);
#2162 = CARTESIAN_POINT('',(-24.87872760838,-10.10805599913,0.));
#2163 = VECTOR('',#2164,1.);
#2164 = DIRECTION('',(0.,0.,1.));
#2165 = ORIENTED_EDGE('',*,*,#627,.F.);
#2166 = PLANE('',#2167);
#2167 = AXIS2_PLACEMENT_3D('',#2168,#2169,#2170);
#2168 = CARTESIAN_POINT('',(-19.22186258256,-4.451190973315,0.));
#2169 = DIRECTION('',(0.707106781187,-0.707106781187,0.));
#2170 = DIRECTION('',(-0.707106781187,-0.707106781187,0.));
#2171 = ADVANCED_FACE('',(#2172),#2178,.F.);
#2172 = FACE_BOUND('',#2173,.F.);
#2173 = EDGE_LOOP('',(#2174,#2175,#2176,#2177));
#2174 = ORIENTED_EDGE('',*,*,#2160,.T.);
#2175 = ORIENTED_EDGE('',*,*,#1140,.T.);
#2176 = ORIENTED_EDGE('',*,*,#2085,.F.);
#2177 = ORIENTED_EDGE('',*,*,#618,.F.);
#2178 = CYLINDRICAL_SURFACE('',#2179,1.000002540005);
#2179 = AXIS2_PLACEMENT_3D('',#2180,#2181,#2182);
#2180 = CARTESIAN_POINT('',(-25.58583618562,-9.400947421895,0.));
#2181 = DIRECTION('',(-0.,0.,-1.));
#2182 = DIRECTION('',(0.707106781187,-0.707106781187,-0.));
#2183 = ( GEOMETRIC_REPRESENTATION_CONTEXT(3) 
GLOBAL_UNCERTAINTY_ASSIGNED_CONTEXT((#2187)) 
GLOBAL_UNIT_ASSIGNED_CONTEXT((#2184,#2185,#2186)) REPRESENTATION_CONTEXT
('Context #1','3D Context with UNIT and UNCERTAINTY') );
#2184 = ( LENGTH_UNIT() NAMED_UNIT(*) SI_UNIT(.MILLI.,.METRE.) );
#2185 = ( NAMED_UNIT(*) PLANE_ANGLE_UNIT() SI_UNIT($,.RADIAN.) );
#2186 = ( NAMED_UNIT(*) SI_UNIT($,.STERADIAN.) SOLID_ANGLE_UNIT() );
#2187 = UNCERTAINTY_MEASURE_WITH_UNIT(LENGTH_MEASURE(1.E-07),#2184,
  'distance_accuracy_value','confusion accuracy');
#2188 = CONTEXT_DEPENDENT_SHAPE_REPRESENTATION(#2189,#2191);
#2189 = ( REPRESENTATION_RELATIONSHIP('','',#32,#10) 
REPRESENTATION_RELATIONSHIP_WITH_TRANSFORMATION(#2190) 
SHAPE_REPRESENTATION_RELATIONSHIP() );
#2190 = ITEM_DEFINED_TRANSFORMATION('','',#11,#15);
#2191 = PRODUCT_DEFINITION_SHAPE('Placement','Placement of an item',
  #2192);
#2192 = NEXT_ASSEMBLY_USAGE_OCCURRENCE('1','=>[0:1:1:2]','',#5,#27,$);
#2193 = PRODUCT_RELATED_PRODUCT_CATEGORY('part',$,(#29));
#2194 = MECHANICAL_DESIGN_GEOMETRIC_PRESENTATION_REPRESENTATION('',(
    #2195,#2205,#2213,#2220,#2227,#2234,#2241,#2248,#2255,#2262,#2269,
    #2276,#2283,#2290,#2297,#2304,#2311,#2318,#2325,#2332,#2339,#2346,
    #2353,#2360,#2367,#2374,#2381,#2388,#2395,#2402,#2409,#2416,#2423,
    #2430,#2437,#2444,#2451,#2458,#2465,#2472,#2479,#2486,#2493,#2500,
    #2507,#2514,#2521,#2528,#2535,#2542,#2549,#2556,#2563,#2570,#2577,
    #2584,#2591,#2598,#2605,#2612,#2619,#2626,#2633),#2183);
#2195 = STYLED_ITEM('color',(#2196),#33);
#2196 = PRESENTATION_STYLE_ASSIGNMENT((#2197,#2203));
#2197 = SURFACE_STYLE_USAGE(.BOTH.,#2198);
#2198 = SURFACE_SIDE_STYLE('',(#2199));
#2199 = SURFACE_STYLE_FILL_AREA(#2200);
#2200 = FILL_AREA_STYLE('',(#2201));
#2201 = FILL_AREA_STYLE_COLOUR('',#2202);
#2202 = COLOUR_RGB('',0.,0.377508427907,0.578582128266);
#2203 = CURVE_STYLE('',#2204,POSITIVE_LENGTH_MEASURE(0.1),#2202);
#2204 = DRAUGHTING_PRE_DEFINED_CURVE_FONT('continuous');
#2205 = OVER_RIDING_STYLED_ITEM('overriding color',(#2206),#35,#2195);
#2206 = PRESENTATION_STYLE_ASSIGNMENT((#2207));
#2207 = SURFACE_STYLE_USAGE(.BOTH.,#2208);
#2208 = SURFACE_SIDE_STYLE('',(#2209));
#2209 = SURFACE_STYLE_FILL_AREA(#2210);
#2210 = FILL_AREA_STYLE('',(#2211));
#2211 = FILL_AREA_STYLE_COLOUR('',#2212);
#2212 = COLOUR_RGB('',0.937179583391,0.9357410338,0.649182888601);
#2213 = OVER_RIDING_STYLED_ITEM('overriding color',(#2214),#75,#2195);
#2214 = PRESENTATION_STYLE_ASSIGNMENT((#2215));
#2215 = SURFACE_STYLE_USAGE(.BOTH.,#2216);
#2216 = SURFACE_SIDE_STYLE('',(#2217));
#2217 = SURFACE_STYLE_FILL_AREA(#2218);
#2218 = FILL_AREA_STYLE('',(#2219));
#2219 = FILL_AREA_STYLE_COLOUR('',#2212);
#2220 = OVER_RIDING_STYLED_ITEM('overriding color',(#2221),#108,#2195);
#2221 = PRESENTATION_STYLE_ASSIGNMENT((#2222));
#2222 = SURFACE_STYLE_USAGE(.BOTH.,#2223);
#2223 = SURFACE_SIDE_STYLE('',(#2224));
#2224 = SURFACE_STYLE_FILL_AREA(#2225);
#2225 = FILL_AREA_STYLE('',(#2226));
#2226 = FILL_AREA_STYLE_COLOUR('',#2212);
#2227 = OVER_RIDING_STYLED_ITEM('overriding color',(#2228),#1185,#2195);
#2228 = PRESENTATION_STYLE_ASSIGNMENT((#2229));
#2229 = SURFACE_STYLE_USAGE(.BOTH.,#2230);
#2230 = SURFACE_SIDE_STYLE('',(#2231));
#2231 = SURFACE_STYLE_FILL_AREA(#2232);
#2232 = FILL_AREA_STYLE('',(#2233));
#2233 = FILL_AREA_STYLE_COLOUR('',#2212);
#2234 = OVER_RIDING_STYLED_ITEM('overriding color',(#2235),#1202,#2195);
#2235 = PRESENTATION_STYLE_ASSIGNMENT((#2236));
#2236 = SURFACE_STYLE_USAGE(.BOTH.,#2237);
#2237 = SURFACE_SIDE_STYLE('',(#2238));
#2238 = SURFACE_STYLE_FILL_AREA(#2239);
#2239 = FILL_AREA_STYLE('',(#2240));
#2240 = FILL_AREA_STYLE_COLOUR('',#2212);
#2241 = OVER_RIDING_STYLED_ITEM('overriding color',(#2242),#1219,#2195);
#2242 = PRESENTATION_STYLE_ASSIGNMENT((#2243));
#2243 = SURFACE_STYLE_USAGE(.BOTH.,#2244);
#2244 = SURFACE_SIDE_STYLE('',(#2245));
#2245 = SURFACE_STYLE_FILL_AREA(#2246);
#2246 = FILL_AREA_STYLE('',(#2247));
#2247 = FILL_AREA_STYLE_COLOUR('',#2212);
#2248 = OVER_RIDING_STYLED_ITEM('overriding color',(#2249),#1236,#2195);
#2249 = PRESENTATION_STYLE_ASSIGNMENT((#2250));
#2250 = SURFACE_STYLE_USAGE(.BOTH.,#2251);
#2251 = SURFACE_SIDE_STYLE('',(#2252));
#2252 = SURFACE_STYLE_FILL_AREA(#2253);
#2253 = FILL_AREA_STYLE('',(#2254));
#2254 = FILL_AREA_STYLE_COLOUR('',#2212);
#2255 = OVER_RIDING_STYLED_ITEM('overriding color',(#2256),#1253,#2195);
#2256 = PRESENTATION_STYLE_ASSIGNMENT((#2257));
#2257 = SURFACE_STYLE_USAGE(.BOTH.,#2258);
#2258 = SURFACE_SIDE_STYLE('',(#2259));
#2259 = SURFACE_STYLE_FILL_AREA(#2260);
#2260 = FILL_AREA_STYLE('',(#2261));
#2261 = FILL_AREA_STYLE_COLOUR('',#2212);
#2262 = OVER_RIDING_STYLED_ITEM('overriding color',(#2263),#1270,#2195);
#2263 = PRESENTATION_STYLE_ASSIGNMENT((#2264));
#2264 = SURFACE_STYLE_USAGE(.BOTH.,#2265);
#2265 = SURFACE_SIDE_STYLE('',(#2266));
#2266 = SURFACE_STYLE_FILL_AREA(#2267);
#2267 = FILL_AREA_STYLE('',(#2268));
#2268 = FILL_AREA_STYLE_COLOUR('',#2212);
#2269 = OVER_RIDING_STYLED_ITEM('overriding color',(#2270),#1287,#2195);
#2270 = PRESENTATION_STYLE_ASSIGNMENT((#2271));
#2271 = SURFACE_STYLE_USAGE(.BOTH.,#2272);
#2272 = SURFACE_SIDE_STYLE('',(#2273));
#2273 = SURFACE_STYLE_FILL_AREA(#2274);
#2274 = FILL_AREA_STYLE('',(#2275));
#2275 = FILL_AREA_STYLE_COLOUR('',#2212);
#2276 = OVER_RIDING_STYLED_ITEM('overriding color',(#2277),#1304,#2195);
#2277 = PRESENTATION_STYLE_ASSIGNMENT((#2278));
#2278 = SURFACE_STYLE_USAGE(.BOTH.,#2279);
#2279 = SURFACE_SIDE_STYLE('',(#2280));
#2280 = SURFACE_STYLE_FILL_AREA(#2281);
#2281 = FILL_AREA_STYLE('',(#2282));
#2282 = FILL_AREA_STYLE_COLOUR('',#2212);
#2283 = OVER_RIDING_STYLED_ITEM('overriding color',(#2284),#1321,#2195);
#2284 = PRESENTATION_STYLE_ASSIGNMENT((#2285));
#2285 = SURFACE_STYLE_USAGE(.BOTH.,#2286);
#2286 = SURFACE_SIDE_STYLE('',(#2287));
#2287 = SURFACE_STYLE_FILL_AREA(#2288);
#2288 = FILL_AREA_STYLE('',(#2289));
#2289 = FILL_AREA_STYLE_COLOUR('',#2212);
#2290 = OVER_RIDING_STYLED_ITEM('overriding color',(#2291),#1338,#2195);
#2291 = PRESENTATION_STYLE_ASSIGNMENT((#2292));
#2292 = SURFACE_STYLE_USAGE(.BOTH.,#2293);
#2293 = SURFACE_SIDE_STYLE('',(#2294));
#2294 = SURFACE_STYLE_FILL_AREA(#2295);
#2295 = FILL_AREA_STYLE('',(#2296));
#2296 = FILL_AREA_STYLE_COLOUR('',#2212);
#2297 = OVER_RIDING_STYLED_ITEM('overriding color',(#2298),#1355,#2195);
#2298 = PRESENTATION_STYLE_ASSIGNMENT((#2299));
#2299 = SURFACE_STYLE_USAGE(.BOTH.,#2300);
#2300 = SURFACE_SIDE_STYLE('',(#2301));
#2301 = SURFACE_STYLE_FILL_AREA(#2302);
#2302 = FILL_AREA_STYLE('',(#2303));
#2303 = FILL_AREA_STYLE_COLOUR('',#2212);
#2304 = OVER_RIDING_STYLED_ITEM('overriding color',(#2305),#1372,#2195);
#2305 = PRESENTATION_STYLE_ASSIGNMENT((#2306));
#2306 = SURFACE_STYLE_USAGE(.BOTH.,#2307);
#2307 = SURFACE_SIDE_STYLE('',(#2308));
#2308 = SURFACE_STYLE_FILL_AREA(#2309);
#2309 = FILL_AREA_STYLE('',(#2310));
#2310 = FILL_AREA_STYLE_COLOUR('',#2212);
#2311 = OVER_RIDING_STYLED_ITEM('overriding color',(#2312),#1389,#2195);
#2312 = PRESENTATION_STYLE_ASSIGNMENT((#2313));
#2313 = SURFACE_STYLE_USAGE(.BOTH.,#2314);
#2314 = SURFACE_SIDE_STYLE('',(#2315));
#2315 = SURFACE_STYLE_FILL_AREA(#2316);
#2316 = FILL_AREA_STYLE('',(#2317));
#2317 = FILL_AREA_STYLE_COLOUR('',#2212);
#2318 = OVER_RIDING_STYLED_ITEM('overriding color',(#2319),#1406,#2195);
#2319 = PRESENTATION_STYLE_ASSIGNMENT((#2320));
#2320 = SURFACE_STYLE_USAGE(.BOTH.,#2321);
#2321 = SURFACE_SIDE_STYLE('',(#2322));
#2322 = SURFACE_STYLE_FILL_AREA(#2323);
#2323 = FILL_AREA_STYLE('',(#2324));
#2324 = FILL_AREA_STYLE_COLOUR('',#2212);
#2325 = OVER_RIDING_STYLED_ITEM('overriding color',(#2326),#1423,#2195);
#2326 = PRESENTATION_STYLE_ASSIGNMENT((#2327));
#2327 = SURFACE_STYLE_USAGE(.BOTH.,#2328);
#2328 = SURFACE_SIDE_STYLE('',(#2329));
#2329 = SURFACE_STYLE_FILL_AREA(#2330);
#2330 = FILL_AREA_STYLE('',(#2331));
#2331 = FILL_AREA_STYLE_COLOUR('',#2212);
#2332 = OVER_RIDING_STYLED_ITEM('overriding color',(#2333),#1440,#2195);
#2333 = PRESENTATION_STYLE_ASSIGNMENT((#2334));
#2334 = SURFACE_STYLE_USAGE(.BOTH.,#2335);
#2335 = SURFACE_SIDE_STYLE('',(#2336));
#2336 = SURFACE_STYLE_FILL_AREA(#2337);
#2337 = FILL_AREA_STYLE('',(#2338));
#2338 = FILL_AREA_STYLE_COLOUR('',#2212);
#2339 = OVER_RIDING_STYLED_ITEM('overriding color',(#2340),#1457,#2195);
#2340 = PRESENTATION_STYLE_ASSIGNMENT((#2341));
#2341 = SURFACE_STYLE_USAGE(.BOTH.,#2342);
#2342 = SURFACE_SIDE_STYLE('',(#2343));
#2343 = SURFACE_STYLE_FILL_AREA(#2344);
#2344 = FILL_AREA_STYLE('',(#2345));
#2345 = FILL_AREA_STYLE_COLOUR('',#2212);
#2346 = OVER_RIDING_STYLED_ITEM('overriding color',(#2347),#1474,#2195);
#2347 = PRESENTATION_STYLE_ASSIGNMENT((#2348));
#2348 = SURFACE_STYLE_USAGE(.BOTH.,#2349);
#2349 = SURFACE_SIDE_STYLE('',(#2350));
#2350 = SURFACE_STYLE_FILL_AREA(#2351);
#2351 = FILL_AREA_STYLE('',(#2352));
#2352 = FILL_AREA_STYLE_COLOUR('',#2212);
#2353 = OVER_RIDING_STYLED_ITEM('overriding color',(#2354),#1491,#2195);
#2354 = PRESENTATION_STYLE_ASSIGNMENT((#2355));
#2355 = SURFACE_STYLE_USAGE(.BOTH.,#2356);
#2356 = SURFACE_SIDE_STYLE('',(#2357));
#2357 = SURFACE_STYLE_FILL_AREA(#2358);
#2358 = FILL_AREA_STYLE('',(#2359));
#2359 = FILL_AREA_STYLE_COLOUR('',#2212);
#2360 = OVER_RIDING_STYLED_ITEM('overriding color',(#2361),#1508,#2195);
#2361 = PRESENTATION_STYLE_ASSIGNMENT((#2362));
#2362 = SURFACE_STYLE_USAGE(.BOTH.,#2363);
#2363 = SURFACE_SIDE_STYLE('',(#2364));
#2364 = SURFACE_STYLE_FILL_AREA(#2365);
#2365 = FILL_AREA_STYLE('',(#2366));
#2366 = FILL_AREA_STYLE_COLOUR('',#2212);
#2367 = OVER_RIDING_STYLED_ITEM('overriding color',(#2368),#1525,#2195);
#2368 = PRESENTATION_STYLE_ASSIGNMENT((#2369));
#2369 = SURFACE_STYLE_USAGE(.BOTH.,#2370);
#2370 = SURFACE_SIDE_STYLE('',(#2371));
#2371 = SURFACE_STYLE_FILL_AREA(#2372);
#2372 = FILL_AREA_STYLE('',(#2373));
#2373 = FILL_AREA_STYLE_COLOUR('',#2212);
#2374 = OVER_RIDING_STYLED_ITEM('overriding color',(#2375),#1537,#2195);
#2375 = PRESENTATION_STYLE_ASSIGNMENT((#2376));
#2376 = SURFACE_STYLE_USAGE(.BOTH.,#2377);
#2377 = SURFACE_SIDE_STYLE('',(#2378));
#2378 = SURFACE_STYLE_FILL_AREA(#2379);
#2379 = FILL_AREA_STYLE('',(#2380));
#2380 = FILL_AREA_STYLE_COLOUR('',#2212);
#2381 = OVER_RIDING_STYLED_ITEM('overriding color',(#2382),#1559,#2195);
#2382 = PRESENTATION_STYLE_ASSIGNMENT((#2383));
#2383 = SURFACE_STYLE_USAGE(.BOTH.,#2384);
#2384 = SURFACE_SIDE_STYLE('',(#2385));
#2385 = SURFACE_STYLE_FILL_AREA(#2386);
#2386 = FILL_AREA_STYLE('',(#2387));
#2387 = FILL_AREA_STYLE_COLOUR('',#2212);
#2388 = OVER_RIDING_STYLED_ITEM('overriding color',(#2389),#1576,#2195);
#2389 = PRESENTATION_STYLE_ASSIGNMENT((#2390));
#2390 = SURFACE_STYLE_USAGE(.BOTH.,#2391);
#2391 = SURFACE_SIDE_STYLE('',(#2392));
#2392 = SURFACE_STYLE_FILL_AREA(#2393);
#2393 = FILL_AREA_STYLE('',(#2394));
#2394 = FILL_AREA_STYLE_COLOUR('',#2212);
#2395 = OVER_RIDING_STYLED_ITEM('overriding color',(#2396),#1593,#2195);
#2396 = PRESENTATION_STYLE_ASSIGNMENT((#2397));
#2397 = SURFACE_STYLE_USAGE(.BOTH.,#2398);
#2398 = SURFACE_SIDE_STYLE('',(#2399));
#2399 = SURFACE_STYLE_FILL_AREA(#2400);
#2400 = FILL_AREA_STYLE('',(#2401));
#2401 = FILL_AREA_STYLE_COLOUR('',#2212);
#2402 = OVER_RIDING_STYLED_ITEM('overriding color',(#2403),#1605,#2195);
#2403 = PRESENTATION_STYLE_ASSIGNMENT((#2404));
#2404 = SURFACE_STYLE_USAGE(.BOTH.,#2405);
#2405 = SURFACE_SIDE_STYLE('',(#2406));
#2406 = SURFACE_STYLE_FILL_AREA(#2407);
#2407 = FILL_AREA_STYLE('',(#2408));
#2408 = FILL_AREA_STYLE_COLOUR('',#2212);
#2409 = OVER_RIDING_STYLED_ITEM('overriding color',(#2410),#1627,#2195);
#2410 = PRESENTATION_STYLE_ASSIGNMENT((#2411));
#2411 = SURFACE_STYLE_USAGE(.BOTH.,#2412);
#2412 = SURFACE_SIDE_STYLE('',(#2413));
#2413 = SURFACE_STYLE_FILL_AREA(#2414);
#2414 = FILL_AREA_STYLE('',(#2415));
#2415 = FILL_AREA_STYLE_COLOUR('',#2212);
#2416 = OVER_RIDING_STYLED_ITEM('overriding color',(#2417),#1644,#2195);
#2417 = PRESENTATION_STYLE_ASSIGNMENT((#2418));
#2418 = SURFACE_STYLE_USAGE(.BOTH.,#2419);
#2419 = SURFACE_SIDE_STYLE('',(#2420));
#2420 = SURFACE_STYLE_FILL_AREA(#2421);
#2421 = FILL_AREA_STYLE('',(#2422));
#2422 = FILL_AREA_STYLE_COLOUR('',#2212);
#2423 = OVER_RIDING_STYLED_ITEM('overriding color',(#2424),#1661,#2195);
#2424 = PRESENTATION_STYLE_ASSIGNMENT((#2425));
#2425 = SURFACE_STYLE_USAGE(.BOTH.,#2426);
#2426 = SURFACE_SIDE_STYLE('',(#2427));
#2427 = SURFACE_STYLE_FILL_AREA(#2428);
#2428 = FILL_AREA_STYLE('',(#2429));
#2429 = FILL_AREA_STYLE_COLOUR('',#2212);
#2430 = OVER_RIDING_STYLED_ITEM('overriding color',(#2431),#1678,#2195);
#2431 = PRESENTATION_STYLE_ASSIGNMENT((#2432));
#2432 = SURFACE_STYLE_USAGE(.BOTH.,#2433);
#2433 = SURFACE_SIDE_STYLE('',(#2434));
#2434 = SURFACE_STYLE_FILL_AREA(#2435);
#2435 = FILL_AREA_STYLE('',(#2436));
#2436 = FILL_AREA_STYLE_COLOUR('',#2212);
#2437 = OVER_RIDING_STYLED_ITEM('overriding color',(#2438),#1695,#2195);
#2438 = PRESENTATION_STYLE_ASSIGNMENT((#2439));
#2439 = SURFACE_STYLE_USAGE(.BOTH.,#2440);
#2440 = SURFACE_SIDE_STYLE('',(#2441));
#2441 = SURFACE_STYLE_FILL_AREA(#2442);
#2442 = FILL_AREA_STYLE('',(#2443));
#2443 = FILL_AREA_STYLE_COLOUR('',#2212);
#2444 = OVER_RIDING_STYLED_ITEM('overriding color',(#2445),#1707,#2195);
#2445 = PRESENTATION_STYLE_ASSIGNMENT((#2446));
#2446 = SURFACE_STYLE_USAGE(.BOTH.,#2447);
#2447 = SURFACE_SIDE_STYLE('',(#2448));
#2448 = SURFACE_STYLE_FILL_AREA(#2449);
#2449 = FILL_AREA_STYLE('',(#2450));
#2450 = FILL_AREA_STYLE_COLOUR('',#2212);
#2451 = OVER_RIDING_STYLED_ITEM('overriding color',(#2452),#1729,#2195);
#2452 = PRESENTATION_STYLE_ASSIGNMENT((#2453));
#2453 = SURFACE_STYLE_USAGE(.BOTH.,#2454);
#2454 = SURFACE_SIDE_STYLE('',(#2455));
#2455 = SURFACE_STYLE_FILL_AREA(#2456);
#2456 = FILL_AREA_STYLE('',(#2457));
#2457 = FILL_AREA_STYLE_COLOUR('',#2212);
#2458 = OVER_RIDING_STYLED_ITEM('overriding color',(#2459),#1746,#2195);
#2459 = PRESENTATION_STYLE_ASSIGNMENT((#2460));
#2460 = SURFACE_STYLE_USAGE(.BOTH.,#2461);
#2461 = SURFACE_SIDE_STYLE('',(#2462));
#2462 = SURFACE_STYLE_FILL_AREA(#2463);
#2463 = FILL_AREA_STYLE('',(#2464));
#2464 = FILL_AREA_STYLE_COLOUR('',#2212);
#2465 = OVER_RIDING_STYLED_ITEM('overriding color',(#2466),#1763,#2195);
#2466 = PRESENTATION_STYLE_ASSIGNMENT((#2467));
#2467 = SURFACE_STYLE_USAGE(.BOTH.,#2468);
#2468 = SURFACE_SIDE_STYLE('',(#2469));
#2469 = SURFACE_STYLE_FILL_AREA(#2470);
#2470 = FILL_AREA_STYLE('',(#2471));
#2471 = FILL_AREA_STYLE_COLOUR('',#2212);
#2472 = OVER_RIDING_STYLED_ITEM('overriding color',(#2473),#1775,#2195);
#2473 = PRESENTATION_STYLE_ASSIGNMENT((#2474));
#2474 = SURFACE_STYLE_USAGE(.BOTH.,#2475);
#2475 = SURFACE_SIDE_STYLE('',(#2476));
#2476 = SURFACE_STYLE_FILL_AREA(#2477);
#2477 = FILL_AREA_STYLE('',(#2478));
#2478 = FILL_AREA_STYLE_COLOUR('',#2212);
#2479 = OVER_RIDING_STYLED_ITEM('overriding color',(#2480),#1797,#2195);
#2480 = PRESENTATION_STYLE_ASSIGNMENT((#2481));
#2481 = SURFACE_STYLE_USAGE(.BOTH.,#2482);
#2482 = SURFACE_SIDE_STYLE('',(#2483));
#2483 = SURFACE_STYLE_FILL_AREA(#2484);
#2484 = FILL_AREA_STYLE('',(#2485));
#2485 = FILL_AREA_STYLE_COLOUR('',#2212);
#2486 = OVER_RIDING_STYLED_ITEM('overriding color',(#2487),#1814,#2195);
#2487 = PRESENTATION_STYLE_ASSIGNMENT((#2488));
#2488 = SURFACE_STYLE_USAGE(.BOTH.,#2489);
#2489 = SURFACE_SIDE_STYLE('',(#2490));
#2490 = SURFACE_STYLE_FILL_AREA(#2491);
#2491 = FILL_AREA_STYLE('',(#2492));
#2492 = FILL_AREA_STYLE_COLOUR('',#2212);
#2493 = OVER_RIDING_STYLED_ITEM('overriding color',(#2494),#1831,#2195);
#2494 = PRESENTATION_STYLE_ASSIGNMENT((#2495));
#2495 = SURFACE_STYLE_USAGE(.BOTH.,#2496);
#2496 = SURFACE_SIDE_STYLE('',(#2497));
#2497 = SURFACE_STYLE_FILL_AREA(#2498);
#2498 = FILL_AREA_STYLE('',(#2499));
#2499 = FILL_AREA_STYLE_COLOUR('',#2212);
#2500 = OVER_RIDING_STYLED_ITEM('overriding color',(#2501),#1848,#2195);
#2501 = PRESENTATION_STYLE_ASSIGNMENT((#2502));
#2502 = SURFACE_STYLE_USAGE(.BOTH.,#2503);
#2503 = SURFACE_SIDE_STYLE('',(#2504));
#2504 = SURFACE_STYLE_FILL_AREA(#2505);
#2505 = FILL_AREA_STYLE('',(#2506));
#2506 = FILL_AREA_STYLE_COLOUR('',#2212);
#2507 = OVER_RIDING_STYLED_ITEM('overriding color',(#2508),#1865,#2195);
#2508 = PRESENTATION_STYLE_ASSIGNMENT((#2509));
#2509 = SURFACE_STYLE_USAGE(.BOTH.,#2510);
#2510 = SURFACE_SIDE_STYLE('',(#2511));
#2511 = SURFACE_STYLE_FILL_AREA(#2512);
#2512 = FILL_AREA_STYLE('',(#2513));
#2513 = FILL_AREA_STYLE_COLOUR('',#2212);
#2514 = OVER_RIDING_STYLED_ITEM('overriding color',(#2515),#1877,#2195);
#2515 = PRESENTATION_STYLE_ASSIGNMENT((#2516));
#2516 = SURFACE_STYLE_USAGE(.BOTH.,#2517);
#2517 = SURFACE_SIDE_STYLE('',(#2518));
#2518 = SURFACE_STYLE_FILL_AREA(#2519);
#2519 = FILL_AREA_STYLE('',(#2520));
#2520 = FILL_AREA_STYLE_COLOUR('',#2212);
#2521 = OVER_RIDING_STYLED_ITEM('overriding color',(#2522),#1899,#2195);
#2522 = PRESENTATION_STYLE_ASSIGNMENT((#2523));
#2523 = SURFACE_STYLE_USAGE(.BOTH.,#2524);
#2524 = SURFACE_SIDE_STYLE('',(#2525));
#2525 = SURFACE_STYLE_FILL_AREA(#2526);
#2526 = FILL_AREA_STYLE('',(#2527));
#2527 = FILL_AREA_STYLE_COLOUR('',#2212);
#2528 = OVER_RIDING_STYLED_ITEM('overriding color',(#2529),#1916,#2195);
#2529 = PRESENTATION_STYLE_ASSIGNMENT((#2530));
#2530 = SURFACE_STYLE_USAGE(.BOTH.,#2531);
#2531 = SURFACE_SIDE_STYLE('',(#2532));
#2532 = SURFACE_STYLE_FILL_AREA(#2533);
#2533 = FILL_AREA_STYLE('',(#2534));
#2534 = FILL_AREA_STYLE_COLOUR('',#2212);
#2535 = OVER_RIDING_STYLED_ITEM('overriding color',(#2536),#1933,#2195);
#2536 = PRESENTATION_STYLE_ASSIGNMENT((#2537));
#2537 = SURFACE_STYLE_USAGE(.BOTH.,#2538);
#2538 = SURFACE_SIDE_STYLE('',(#2539));
#2539 = SURFACE_STYLE_FILL_AREA(#2540);
#2540 = FILL_AREA_STYLE('',(#2541));
#2541 = FILL_AREA_STYLE_COLOUR('',#2212);
#2542 = OVER_RIDING_STYLED_ITEM('overriding color',(#2543),#1950,#2195);
#2543 = PRESENTATION_STYLE_ASSIGNMENT((#2544));
#2544 = SURFACE_STYLE_USAGE(.BOTH.,#2545);
#2545 = SURFACE_SIDE_STYLE('',(#2546));
#2546 = SURFACE_STYLE_FILL_AREA(#2547);
#2547 = FILL_AREA_STYLE('',(#2548));
#2548 = FILL_AREA_STYLE_COLOUR('',#2212);
#2549 = OVER_RIDING_STYLED_ITEM('overriding color',(#2550),#1967,#2195);
#2550 = PRESENTATION_STYLE_ASSIGNMENT((#2551));
#2551 = SURFACE_STYLE_USAGE(.BOTH.,#2552);
#2552 = SURFACE_SIDE_STYLE('',(#2553));
#2553 = SURFACE_STYLE_FILL_AREA(#2554);
#2554 = FILL_AREA_STYLE('',(#2555));
#2555 = FILL_AREA_STYLE_COLOUR('',#2212);
#2556 = OVER_RIDING_STYLED_ITEM('overriding color',(#2557),#1979,#2195);
#2557 = PRESENTATION_STYLE_ASSIGNMENT((#2558));
#2558 = SURFACE_STYLE_USAGE(.BOTH.,#2559);
#2559 = SURFACE_SIDE_STYLE('',(#2560));
#2560 = SURFACE_STYLE_FILL_AREA(#2561);
#2561 = FILL_AREA_STYLE('',(#2562));
#2562 = FILL_AREA_STYLE_COLOUR('',#2212);
#2563 = OVER_RIDING_STYLED_ITEM('overriding color',(#2564),#2001,#2195);
#2564 = PRESENTATION_STYLE_ASSIGNMENT((#2565));
#2565 = SURFACE_STYLE_USAGE(.BOTH.,#2566);
#2566 = SURFACE_SIDE_STYLE('',(#2567));
#2567 = SURFACE_STYLE_FILL_AREA(#2568);
#2568 = FILL_AREA_STYLE('',(#2569));
#2569 = FILL_AREA_STYLE_COLOUR('',#2212);
#2570 = OVER_RIDING_STYLED_ITEM('overriding color',(#2571),#2018,#2195);
#2571 = PRESENTATION_STYLE_ASSIGNMENT((#2572));
#2572 = SURFACE_STYLE_USAGE(.BOTH.,#2573);
#2573 = SURFACE_SIDE_STYLE('',(#2574));
#2574 = SURFACE_STYLE_FILL_AREA(#2575);
#2575 = FILL_AREA_STYLE('',(#2576));
#2576 = FILL_AREA_STYLE_COLOUR('',#2212);
#2577 = OVER_RIDING_STYLED_ITEM('overriding color',(#2578),#2035,#2195);
#2578 = PRESENTATION_STYLE_ASSIGNMENT((#2579));
#2579 = SURFACE_STYLE_USAGE(.BOTH.,#2580);
#2580 = SURFACE_SIDE_STYLE('',(#2581));
#2581 = SURFACE_STYLE_FILL_AREA(#2582);
#2582 = FILL_AREA_STYLE('',(#2583));
#2583 = FILL_AREA_STYLE_COLOUR('',#2212);
#2584 = OVER_RIDING_STYLED_ITEM('overriding color',(#2585),#2052,#2195);
#2585 = PRESENTATION_STYLE_ASSIGNMENT((#2586));
#2586 = SURFACE_STYLE_USAGE(.BOTH.,#2587);
#2587 = SURFACE_SIDE_STYLE('',(#2588));
#2588 = SURFACE_STYLE_FILL_AREA(#2589);
#2589 = FILL_AREA_STYLE('',(#2590));
#2590 = FILL_AREA_STYLE_COLOUR('',#2212);
#2591 = OVER_RIDING_STYLED_ITEM('overriding color',(#2592),#2069,#2195);
#2592 = PRESENTATION_STYLE_ASSIGNMENT((#2593));
#2593 = SURFACE_STYLE_USAGE(.BOTH.,#2594);
#2594 = SURFACE_SIDE_STYLE('',(#2595));
#2595 = SURFACE_STYLE_FILL_AREA(#2596);
#2596 = FILL_AREA_STYLE('',(#2597));
#2597 = FILL_AREA_STYLE_COLOUR('',#2212);
#2598 = OVER_RIDING_STYLED_ITEM('overriding color',(#2599),#2081,#2195);
#2599 = PRESENTATION_STYLE_ASSIGNMENT((#2600));
#2600 = SURFACE_STYLE_USAGE(.BOTH.,#2601);
#2601 = SURFACE_SIDE_STYLE('',(#2602));
#2602 = SURFACE_STYLE_FILL_AREA(#2603);
#2603 = FILL_AREA_STYLE('',(#2604));
#2604 = FILL_AREA_STYLE_COLOUR('',#2212);
#2605 = OVER_RIDING_STYLED_ITEM('overriding color',(#2606),#2103,#2195);
#2606 = PRESENTATION_STYLE_ASSIGNMENT((#2607));
#2607 = SURFACE_STYLE_USAGE(.BOTH.,#2608);
#2608 = SURFACE_SIDE_STYLE('',(#2609));
#2609 = SURFACE_STYLE_FILL_AREA(#2610);
#2610 = FILL_AREA_STYLE('',(#2611));
#2611 = FILL_AREA_STYLE_COLOUR('',#2212);
#2612 = OVER_RIDING_STYLED_ITEM('overriding color',(#2613),#2120,#2195);
#2613 = PRESENTATION_STYLE_ASSIGNMENT((#2614));
#2614 = SURFACE_STYLE_USAGE(.BOTH.,#2615);
#2615 = SURFACE_SIDE_STYLE('',(#2616));
#2616 = SURFACE_STYLE_FILL_AREA(#2617);
#2617 = FILL_AREA_STYLE('',(#2618));
#2618 = FILL_AREA_STYLE_COLOUR('',#2212);
#2619 = OVER_RIDING_STYLED_ITEM('overriding color',(#2620),#2137,#2195);
#2620 = PRESENTATION_STYLE_ASSIGNMENT((#2621));
#2621 = SURFACE_STYLE_USAGE(.BOTH.,#2622);
#2622 = SURFACE_SIDE_STYLE('',(#2623));
#2623 = SURFACE_STYLE_FILL_AREA(#2624);
#2624 = FILL_AREA_STYLE('',(#2625));
#2625 = FILL_AREA_STYLE_COLOUR('',#2212);
#2626 = OVER_RIDING_STYLED_ITEM('overriding color',(#2627),#2154,#2195);
#2627 = PRESENTATION_STYLE_ASSIGNMENT((#2628));
#2628 = SURFACE_STYLE_USAGE(.BOTH.,#2629);
#2629 = SURFACE_SIDE_STYLE('',(#2630));
#2630 = SURFACE_STYLE_FILL_AREA(#2631);
#2631 = FILL_AREA_STYLE('',(#2632));
#2632 = FILL_AREA_STYLE_COLOUR('',#2212);
#2633 = OVER_RIDING_STYLED_ITEM('overriding color',(#2634),#2171,#2195);
#2634 = PRESENTATION_STYLE_ASSIGNMENT((#2635));
#2635 = SURFACE_STYLE_USAGE(.BOTH.,#2636);
#2636 = SURFACE_SIDE_STYLE('',(#2637));
#2637 = SURFACE_STYLE_FILL_AREA(#2638);
#2638 = FILL_AREA_STYLE('',(#2639));
#2639 = FILL_AREA_STYLE_COLOUR('',#2212);
ENDSEC;
END-ISO-10303-21;
